period,dI1_Boris,dI1_RK4,dI1_SPPINN
1,6.51966163608977e-05,1.915688201716999e-14,0.013638333853395591
2,0.00013039295196854244,1.9329466539847197e-14,0.004011624360250358
3,0.00019558872603343857,3.2791059308669354e-14,0.006778535669872838
4,0.0002607836576684075,3.3826566444732597e-14,0.011665148199864946
5,0.0003259774661053541,3.0374875991188455e-14,0.0005357126690367747
6,0.0003911698706925051,3.589758071685908e-14,0.014594657703435779
7,0.0004563605904757191,4.8323666349617996e-14,0.0017020635369403188
8,0.0005215493448884797,4.4181637805365027e-14,0.009579170144734691
9,0.0005867358530839931,5.522704725670628e-14,0.008977402327302538
10,0.0006519198343107323,5.79883996195416e-14,0.0020608696330564045
11,0.0007171010078924169,6.489178052662988e-14,0.014387651005023434
12,0.0007822790930933977,6.351110434521222e-14,0.0002034654022265002
13,0.00084745380908552,6.765313288946519e-14,0.01198472791615009
14,0.000912624875211833,7.04144852523005e-14,0.005986832071426139
15,0.0009777920109203175,6.765313288946519e-14,0.004342072393382814
16,0.0010429549355029375,6.765313288946519e-14,0.013049159172264842
17,0.001108113368273748,7.869854234080645e-14,0.00025468752448200283
18,0.0011732670286047928,7.317583761513582e-14,0.013626901916266511
19,0.0012384156359178191,6.213042816379457e-14,0.003151477483989381
20,0.001303558909587632,6.213042816379457e-14,0.007030214374084933
21,0.0013686965691022518,6.765313288946519e-14,0.010784413799373284
22,0.0014338283339193237,5.384637107528862e-14,0.00039783884607899476
23,0.0014989539235406746,5.936907580095925e-14,0.014254312311763226
24,0.0015640730573797683,5.384637107528862e-14,0.0009055321696936268
25,0.0016291854550571701,5.6607723438123935e-14,0.009713886580132428
26,0.0016942908361713542,5.384637107528862e-14,0.007940479886181885
27,0.001759388920293181,5.6607723438123935e-14,0.0020612799264433817
28,0.0018244794271122502,6.765313288946519e-14,0.013771033959843245
29,0.0018895620762739785,7.317583761513582e-14,0.0004071021238413824
30,0.001954636587467965,6.765313288946519e-14,0.011982319651141674
31,0.0020197026803810475,5.6607723438123935e-14,0.004952995525376618
32,0.002084760074868506,5.108501871245331e-14,0.004481133061713819
33,0.00214980849068345,4.556231398678268e-14,0.01225127263604082
34,0.0022148476476563086,5.108501871245331e-14,0.0005854243627089065
35,0.0022798772657196785,5.108501871245331e-14,0.013488254212196375
36,0.002344897064839295,6.213042816379457e-14,0.002279428269325677
37,0.0024099067649588,6.213042816379457e-14,0.007287083596596633
38,0.00247490608606602,6.213042816379457e-14,0.009927932411902476
39,0.0025398947481653474,4.003960926111205e-14,0.0003979199698204685
40,0.002604872471459993,4.556231398678268e-14,0.014001126825930353
41,0.0026698389761310756,6.213042816379457e-14,0.00032907003271977155
42,0.0027347939822768754,5.6607723438123935e-14,0.010049638160043646
43,0.0027997372102110565,6.213042816379457e-14,0.007156865326654348
44,0.0028646683802638516,6.765313288946519e-14,0.002392455813408377
45,0.0029295872127213115,6.213042816379457e-14,0.013442407918076178
46,0.0029944934280572598,6.765313288946519e-14,0.0005995597752469663
47,0.003059386746739996,4.556231398678268e-14,0.01234582320023464
48,0.0031242668891549807,5.108501871245331e-14,0.004362336286927077
49,0.0031891335760024678,4.556231398678268e-14,0.0050928943523804735
50,0.0032539865278115063,5.6607723438123935e-14,0.011897643220476354
51,0.0033188254653817597,7.317583761513582e-14,0.0003643666066992052
52,0.0033836501094742315,6.765313288946519e-14,0.013823933548723445
53,0.003448460180822312,7.869854234080645e-14,0.0019720807435345635
54,0.003513255400325072,6.765313288946519e-14,0.008085820273606147
55,0.0035780354889312876,7.869854234080645e-14,0.009603336794139482
56,0.0036428001675786886,7.869854234080645e-14,0.0009985848288820173
57,0.0037075491574369594,4.556231398678268e-14,0.014257436738790792
58,0.0037722821796316013,4.556231398678268e-14,0.00035187674380915364
59,0.0038369989552991626,6.765313288946519e-14,0.01091292058556764
60,0.0039016992058026213,5.6607723438123935e-14,0.006910703891678096
61,0.003966382652444206,5.6607723438123935e-14,0.0032805859717823503
62,0.004031049016724964,3.4516904535441425e-14,0.013579749089673082
63,0.004095698020007873,4.556231398678268e-14,0.00025039471948530014
64,0.004160329383943092,4.556231398678268e-14,0.01314112340739797
65,0.004224942830125552,6.765313288946519e-14,0.0042318811969225
66,0.004289538080310346,4.556231398678268e-14,0.006132209402210485
67,0.004354114856351971,5.6607723438123935e-14,0.011894498913959516
68,0.00441867288002761,4.556231398678268e-14,0.0002573364719101074
69,0.004483211873346396,3.4516904535441425e-14,0.014428954766811265
70,0.004547731558361647,4.556231398678268e-14,0.001976848882626787
71,0.004612231657170862,2.347149508410017e-14,0.00911676398168941
72,0.004676711892081399,3.4516904535441425e-14,0.009459666917947558
73,0.00474117198521285,4.556231398678268e-14,0.0017972460591895282
74,0.004805611659027211,6.765313288946519e-14,0.014578946215417166
75,0.004870030636030659,4.556231398678268e-14,0.0004907075905652718
76,0.004934428638828783,6.765313288946519e-14,0.011777125310264088
77,0.004998805390005077,5.6607723438123935e-14,0.006648045592192152
78,0.005063160612253492,6.765313288946519e-14,0.004133527284013068
79,0.005127494028488889,6.765313288946519e-14,0.01356799623433815
80,0.005191805361570896,5.6607723438123935e-14,8.850889704632797e-07
81,0.00525609433456901,4.556231398678268e-14,0.013705750611836346
82,0.005320360670652132,6.765313288946519e-14,0.0038901181131539143
83,0.005384604092933938,4.556231398678268e-14,0.006908477513692804
84,0.00544882432480424,7.869854234080645e-14,0.011550951980747511
85,0.005513021089674939,8.974395179214771e-14,0.0005823398855494119
86,0.005577194111046302,7.869854234080645e-14,0.014607169569753452
87,0.005641343112484864,7.869854234080645e-14,0.0016081366909927056
88,0.005705467817833301,6.765313288946519e-14,0.009697239081940487
89,0.005769567950768602,7.869854234080645e-14,0.008836838268640422
90,0.005833643235387485,6.765313288946519e-14,0.0021460910458587757
91,0.005897693395554715,6.765313288946519e-14,0.01434333471102158
92,0.005961718155499553,5.6607723438123935e-14,0.00015149149465764253
93,0.00602571723955067,7.869854234080645e-14,0.012072831212809242
94,0.006089690372003601,5.6607723438123935e-14,0.005841427706483027
95,0.006153637277374789,7.869854234080645e-14,0.004452833782508708
96,0.006217557680224858,5.6607723438123935e-14,0.012954806275931577
97,0.006281451305269068,6.765313288946519e-14,0.00025675750529315533
98,0.006345317877366271,6.765313288946519e-14,0.01367153821592976
99,0.006409157121386362,6.765313288946519e-14,0.0030234956739590563
100,0.006472968762453282,7.869854234080645e-14,0.00714955193129553
101,0.00653675252569097,6.765313288946519e-14,0.010654482672715637
102,0.006600508136366958,6.765313288946519e-14,0.0004459836482289253
103,0.006664235319947594,4.556231398678268e-14,0.014248640906119712
104,0.00672793380203177,5.6607723438123935e-14,0.0008145614999601007
105,0.00679160330821838,5.6607723438123935e-14,0.009823521211018824
106,0.006855243564393497,1.2426085632758913e-14,0.0077948715321318075
107,0.0069188542963658775,7.869854234080645e-14,0.0021522619211456723
108,0.006982435230132049,5.6607723438123935e-14,0.01371592166267708
109,0.007045986091931538,3.4516904535441425e-14,0.0004471449781443826
110,0.00710950660798178,1.2426085632758913e-14,0.012065453021936163
111,0.007172996504853665,5.6607723438123935e-14,0.0048139997518084
112,0.007236455509007628,1.0078936124348896e-13,0.004601014031956121
113,0.007299883347080829,1.2426085632758913e-14,0.012155156673999657
114,0.007363279746130157,5.6607723438123935e-14,0.0005684237217297789
115,0.007426644432980543,3.4516904535441425e-14,0.013532139906911187
116,0.007489977134733059,3.4516904535441425e-14,0.0021683102000263333
117,0.0075532775786102705,7.869854234080645e-14,0.007417495400475499
118,0.007616545492022519,7.869854234080645e-14,0.00980552204749623
119,0.007679780602468506,3.4516904535441425e-14,0.0004693431590206229
120,0.007742982637568438,7.869854234080645e-14,0.013999022980150629
121,0.007806151325196559,7.869854234080645e-14,0.0002628175204756167
122,0.007869286393182936,5.6607723438123935e-14,0.010170590828733303
123,0.007932387569766315,5.6607723438123935e-14,0.007026884695487717
124,0.007995454583086032,3.4516904535441425e-14,0.002507344708143406
125,0.008058487161568607,5.6607723438123935e-14,0.013394610771412007
126,0.008121485033651602,7.869854234080645e-14,0.0006108334302976059
127,0.008184447928114987,7.869854234080645e-14,0.012438762966474498
128,0.008247375573849188,3.4516904535441425e-14,0.0042446567178568775
129,0.008310267699678358,5.6607723438123935e-14,0.005233631513408579
130,0.008373124034890557,7.869854234080645e-14,0.011811441736299232
131,0.00843594430858607,7.869854234080645e-14,0.0003189690039126071
132,0.008498728250483732,7.869854234080645e-14,0.013874585068295343
133,0.008561475589926827,1.0078936124348896e-13,0.0018846812598009549
134,0.008624186056766731,7.869854234080645e-14,0.008230821279067178
135,0.008686859380987365,1.0078936124348896e-13,0.00949189537839801
136,0.008749495292572648,7.869854234080645e-14,0.001093666478977736
137,0.008812093521749503,7.869854234080645e-14,0.014257994324734112
138,0.008874653799054118,7.869854234080645e-14,0.0003080955405786062
139,0.008937175854868048,7.869854234080645e-14,0.011039935872099962
140,0.008999659420125122,5.6607723438123935e-14,0.0067910459470463804
141,0.009062104225604526,7.869854234080645e-14,0.003410753835589924
142,0.009124510002394726,5.6607723438123935e-14,0.013530078452551395
143,0.009186876481716724,1.0078936124348896e-13,0.00024389928703580778
144,0.00924920339483571,7.869854234080645e-14,0.013230646411867206
145,0.009311490473657506,1.2288018014617148e-13,0.004122283720004533
146,0.009373737449646119,1.2288018014617148e-13,0.006277488411768988
147,0.009435944054751549,1.0078936124348896e-13,0.011802161728358898
148,0.009498110021012163,5.6607723438123935e-14,0.0003130692189126473
149,0.009560235080930238,1.0078936124348896e-13,0.014467216135995966
150,0.009622318966742956,7.869854234080645e-14,0.0018940468040548055
151,0.009684361411085137,7.869854234080645e-14,0.009254858899996539
152,0.009746362146768325,5.6607723438123935e-14,0.00933876305471949
153,0.009808320906891245,5.6607723438123935e-14,0.0018936389310815378
154,0.009870237424397991,1.0078936124348896e-13,0.014560032583989215
155,0.00993211143278492,7.869854234080645e-14,0.000447334395779939
156,0.009993942665504213,7.869854234080645e-14,0.011886835834296892
157,0.010055730856228958,7.869854234080645e-14,0.00651705190650627
158,0.010117475738963603,1.0078936124348896e-13,0.004255778670051725
159,0.010179177047712597,1.0078936124348896e-13,0.013494762970744598
160,0.0102408345167013,1.0078936124348896e-13,3.5403514346951386e-06
161,0.010302447880464341,7.869854234080645e-14,0.013770223207145256
162,0.01036401687360262,7.869854234080645e-14,0.0037690573003127913
163,0.010425541230893766,1.0078936124348896e-13,0.007037827417335837
164,0.010487020687557224,7.869854234080645e-14,0.011434585715367604
165,0.010548454978657803,1.2288018014617148e-13,0.0006305794867788259
166,0.010609843839591675,5.6607723438123935e-14,0.014616486282395709
167,0.010671187006042188,5.6607723438123935e-14,0.0015155109321521739
168,0.01073248421371479,7.869854234080645e-14,0.009813841234178134
169,0.010793735198800917,7.869854234080645e-14,0.008695137149855236
170,0.010854939697293195,7.869854234080645e-14,0.0022324951071308525
171,0.010916097445714427,5.6607723438123935e-14,0.014296037418535676
172,0.010977208180631597,5.6607723438123935e-14,0.00010144984631928627
173,0.011038271638987232,5.6607723438123935e-14,0.012158792495515557
174,0.011099287557547136,7.869854234080645e-14,0.00569606788256773
175,0.011160255673784017,5.6607723438123935e-14,0.004564141834993423
176,0.011221175724993855,5.6607723438123935e-14,0.01285811843058133
177,0.011282047448737724,1.4497099904885398e-13,0.000256585268192787
178,0.0113428705830406,3.4516904535441425e-14,0.013713660353429764
179,0.011403644865684464,5.6607723438123935e-14,0.0028967073591368705
180,0.011464370035180292,3.4516904535441425e-14,0.007268691099278164
181,0.011525045829884426,5.6607723438123935e-14,0.010523194801562072
182,0.011585671988440387,7.869854234080645e-14,0.000496311857101639
183,0.011646248249778878,5.6607723438123935e-14,0.014240443170308835
184,0.01170677435313987,5.6607723438123935e-14,0.0007257246399488771
185,0.011767250037630794,3.4516904535441425e-14,0.009932217163218958
186,0.01182767504288926,3.4516904535441425e-14,0.007649066293343467
187,0.011888049108619143,7.869854234080645e-14,0.0022450086243810258
188,0.011948371974921965,5.6607723438123935e-14,0.013658632383552121
189,0.012008643381877147,1.0078936124348896e-13,0.00048446628589562675
190,0.012068863070094296,1.0078936124348896e-13,0.01214702533054341
191,0.01212903078002838,1.2288018014617148e-13,0.004675970702712171
192,0.012189146252532,7.869854234080645e-14,0.004721945037819923
193,0.01224920922894376,5.6607723438123935e-14,0.01205752060864576
194,0.012309219450248808,1.0078936124348896e-13,0.0005485563280430791
195,0.012369176658315925,1.0078936124348896e-13,0.013574055267354519
196,0.012429080594748801,7.869854234080645e-14,0.002059148123395841
197,0.012488931001482491,1.2288018014617148e-13,0.007548055730368149
198,0.012548727620893865,7.869854234080645e-14,0.009682454969147545
199,0.012608470195426066,7.869854234080645e-14,0.0005433135280178142
200,0.012668158467787323,7.869854234080645e-14,0.013994815306219653
201,0.012727792180840507,5.6607723438123935e-14,0.00019918469050481742
202,0.01278737107780194,3.4516904535441425e-14,0.010290741437031438
203,0.012846894902108849,7.869854234080645e-14,0.006897184879712739
204,0.012906363397308917,5.6607723438123935e-14,0.0026240452690147425
205,0.012965776307369555,5.6607723438123935e-14,0.013344872541564775
206,0.01302513337654535,5.6607723438123935e-14,0.0006192507275417804
207,0.013084434348825804,7.869854234080645e-14,0.012530046484783739
208,0.013143678969150321,5.6607723438123935e-14,0.004128126215334714
209,0.013202866982215308,5.6607723438123935e-14,0.0053751413060081025
210,0.01326199813300435,1.2426085632758913e-14,0.011723733231301601
211,0.013321072167119577,5.6607723438123935e-14,0.00027094153941434844
212,0.013380088829920119,1.0078936124348896e-13,0.013922953587070483
213,0.01343904786733947,5.6607723438123935e-14,0.0017990971658320884
214,0.013497949025421573,1.0078936124348896e-13,0.008375411239854573
215,0.013556792050563829,1.0078936124348896e-13,0.00937958588166021
216,0.013615576689340363,1.8915263685421902e-13,0.0011907230114027321
217,0.013674302688435754,1.0078936124348896e-13,0.01425596604886241
218,0.01373296979499849,1.8915263685421902e-13,0.0002664923774184224
219,0.013791577756397966,1.0078936124348896e-13,0.011165393028868703
220,0.013850126320202393,1.4497099904885398e-13,0.006671266023307976
221,0.013908615234245074,1.0078936124348896e-13,0.0035419133748805995
222,0.013967044246536038,1.0078936124348896e-13,0.013477889852143437
223,0.014025413105527131,1.4497099904885398e-13,0.00023522218053206073
224,0.014083721559935286,1.0078936124348896e-13,0.013317676843353785
225,0.014141969358344893,3.175555217260611e-14,0.0040133035034339406
226,0.014200156250246069,5.6607723438123935e-14,0.006422598185320098
227,0.014258281984863834,1.2426085632758913e-14,0.011707735122018208
228,0.014316346311798758,5.6607723438123935e-14,0.00037062781715171907
229,0.014374348981159496,5.6607723438123935e-14,0.01450240699070275
230,0.014432289742988432,1.2426085632758913e-14,0.0018124814120608682
231,0.014490168347703497,5.6607723438123935e-14,0.00939162384459425
232,0.014547984546186523,5.6607723438123935e-14,0.009216493370767171
233,0.014605738089385619,1.2426085632758913e-14,0.0019911969584085797
234,0.014663428728536074,5.6607723438123935e-14,0.014537916268106355
235,0.01472105621527081,1.2426085632758913e-14,0.0004056028304417896
236,0.014778620301333204,1.2426085632758913e-14,0.011994233940724715
237,0.014836120738731725,1.2426085632758913e-14,0.006385600147013434
238,0.014893557279894562,5.6607723438123935e-14,0.00437833089025392
239,0.014950929677448727,1.2426085632758913e-14,0.013418661197251375
240,0.015008237684330503,1.2426085632758913e-14,7.965775340773189e-06
241,0.015065481053697077,5.6607723438123935e-14,0.013831730281706324
242,0.015122659538992821,3.175555217260611e-14,0.0036484911911478946
243,0.015179772894059739,5.6607723438123935e-14,0.007166542623641229
244,0.01523682087262938,5.6607723438123935e-14,0.011316100027275702
245,0.015293803229383203,1.2426085632758913e-14,0.0006804217066376894
246,0.015350719718671302,1.2426085632758913e-14,0.014622614253115042
247,0.015407570095373949,1.0078936124348896e-13,0.0014242317108827528
248,0.015464354114835325,1.2426085632758913e-14,0.009928945271221729
249,0.015521071532399611,1.2426085632758913e-14,0.008552365278882925
250,0.01557772210378653,7.593718997797113e-14,0.002320063786125339
251,0.015634305584980898,1.2426085632758913e-14,0.014245792305482214
252,0.01569082173225471,1.2426085632758913e-14,5.337511349936944e-05
253,0.015747270302321776,1.2426085632758913e-14,0.012242596659747548
254,0.015803651052028456,3.175555217260611e-14,0.005550824392406169
255,0.015859963738530374,5.6607723438123935e-14,0.004675973000886334
256,0.015916208119270338,3.175555217260611e-14,0.012759150438468717
257,0.01597238395215507,5.6607723438123935e-14,0.00025415226910095837
258,0.016028490995047093,5.6607723438123935e-14,0.013753271752004003
259,0.01608452900627286,1.2426085632758913e-14,0.002771178805084435
260,0.016140497744799438,1.2426085632758913e-14,0.00738760639870322
261,0.016196396969350903,3.175555217260611e-14,0.010390618156672797
262,0.01625222643918152,5.6607723438123935e-14,0.0005488230539352887
263,0.016307985914031528,1.2426085632758913e-14,0.01422974050397748
264,0.016363675153508648,1.2426085632758913e-14,0.0006390721716817675
265,0.016419293917839126,5.6607723438123935e-14,0.010039950904250515
266,0.016474841967514305,1.4497099904885398e-13,0.007503134856510707
267,0.016530319063334794,1.2426085632758913e-14,0.002339500705059227
268,0.016585724966322123,1.2426085632758913e-14,0.013599202179715995
269,0.01664105943791753,5.6607723438123935e-14,0.0005190388930936559
270,0.0166963222397169,1.2426085632758913e-14,0.012227018575663174
271,0.016751513133890478,1.2426085632758913e-14,0.0045389709464721045
272,0.016806631882564326,3.175555217260611e-14,0.004843890774095338
273,0.0168616782483505,5.6607723438123935e-14,0.011958409593944326
274,0.01691665199419243,1.2426085632758913e-14,0.0005258226164292594
275,0.01697155288349744,5.6607723438123935e-14,0.013613990565977854
276,0.017026380679628677,1.2426085632758913e-14,0.0019519869214724645
277,0.017081135146479475,5.6607723438123935e-14,0.007678718688991989
278,0.017135816048252425,1.4497099904885398e-13,0.00955877849479406
279,0.017190423149415223,1.0078936124348896e-13,0.0006198031167276469
280,0.017244956214877368,1.2426085632758913e-14,0.013988503839328101
281,0.017299415009769278,1.2426085632758913e-14,0.0001381918829620146
282,0.01735379929939809,1.0078936124348896e-13,0.010410040508699791
283,0.01740810884973367,1.0078936124348896e-13,0.006767808121663933
284,0.017462343426790063,1.2426085632758913e-14,0.0027425062809992053
285,0.017516502797023135,5.6607723438123935e-14,0.013293203023664331
286,0.017570586727198016,1.0078936124348896e-13,0.0006248189739707038
287,0.017624594984344932,3.175555217260611e-14,0.012619628280797452
288,0.01767852733580338,1.4497099904885398e-13,0.004012775498312126
289,0.017732383549266303,1.4497099904885398e-13,0.005517357091025788
290,0.017786163393001014,1.4497099904885398e-13,0.011634535771023795
291,0.017839866635142282,5.6607723438123935e-14,0.00022031804284149782
292,0.01789349304453177,1.4497099904885398e-13,0.013969004628172892
293,0.017947042390364605,1.4497099904885398e-13,0.001715342980398962
294,0.01800051444174755,1.0078936124348896e-13,0.008519518291673678
295,0.018053908968361725,1.4497099904885398e-13,0.009266431891088696
296,0.01810722574055098,5.6607723438123935e-14,0.0012896992577719189
297,0.018160464528349886,1.0078936124348896e-13,0.014251333755637354
298,0.018213625102809196,5.6607723438123935e-14,0.0002270633686419205
299,0.018266707234758758,1.0078936124348896e-13,0.01128922599230794
300,0.018319710695558596,1.4497099904885398e-13,0.006551389640362286
301,0.018372635256966363,1.4497099904885398e-13,0.0036739965342918565
302,0.018425480691137364,1.0078936124348896e-13,0.013423184279564843
303,0.01847824677040361,1.2426085632758913e-14,0.00022438507902009728
304,0.018530933267494755,1.0078936124348896e-13,0.013402164612041429
305,0.018583539955670643,1.0078936124348896e-13,0.003904964117683721
306,0.018636066608102738,5.6607723438123935e-14,0.006567468216602255
307,0.018688512998801966,1.2426085632758913e-14,0.011611239108291559
308,0.018740878901690888,3.175555217260611e-14,0.000429976131824347
309,0.01879316409153151,5.6607723438123935e-14,0.014534500956945924
310,0.018845368342644025,1.2426085632758913e-14,0.0017321707410041204
311,0.018897491430762445,1.0078936124348896e-13,0.00952699668609265
312,0.018949533130958048,5.6607723438123935e-14,0.009092893841674004
313,0.01900149321945084,5.6607723438123935e-14,0.0020898750960690105
314,0.019053371472195737,5.6607723438123935e-14,0.014512598700943595
315,0.01910516766594292,1.0078936124348896e-13,0.0003655226389767225
316,0.019156881577221667,1.4497099904885398e-13,0.012099275439371653
317,0.019208512983886705,5.6607723438123935e-14,0.006253736737392842
318,0.01926006166335094,5.6607723438123935e-14,0.004501136902242892
319,0.019311527393469096,1.2426085632758913e-14,0.01333971994237638
320,0.01936290995262608,1.0078936124348896e-13,1.4161330534729628e-05
321,0.019414209119692792,5.6607723438123935e-14,0.013890252402137801
322,0.019465424673584322,5.6607723438123935e-14,0.003528469540700185
323,0.019516556393657566,1.0078936124348896e-13,0.007294581308138868
324,0.019567604059932152,1.4497099904885398e-13,0.011195547061485329
325,0.01961856745233934,1.0078936124348896e-13,0.0007318567428884298
326,0.01966944635160566,1.0078936124348896e-13,0.01462556180152371
327,0.019720240538369287,1.0078936124348896e-13,0.0013343444804691925
328,0.01977094979401947,5.6607723438123935e-14,0.010042520998456365
329,0.019821573900122198,5.6607723438123935e-14,0.008408589879974173
330,0.019872112638596902,5.6607723438123935e-14,0.0024087790041357705
331,0.01992256579193738,1.0078936124348896e-13,0.014192634148774669
332,0.01997293314272579,1.0078936124348896e-13,7.301478614293047e-06
333,0.020023214474030295,1.0078936124348896e-13,0.01232422976891566
334,0.020073409569272508,1.0078936124348896e-13,0.005405769206306837
335,0.020123518212448396,5.6607723438123935e-14,0.00478830368267528
336,0.02017354018750975,5.6607723438123935e-14,0.012657958148817863
337,0.020223475279247817,1.0078936124348896e-13,0.00024944084726949867
338,0.02027332327249802,1.0078936124348896e-13,0.01379037685266921
339,0.020323083952493416,1.4497099904885398e-13,0.002646975681742417
340,0.020372757105085605,1.0078936124348896e-13,0.007506272299100839
341,0.020422342516258737,1.4497099904885398e-13,0.010256821037690607
342,0.020471839972482954,1.0078936124348896e-13,0.0006035156599542745
343,0.020521249260626036,1.4497099904885398e-13,0.0142165550140598
344,0.020570570167865038,1.0078936124348896e-13,0.0005546534039762358
345,0.02061980248159791,1.4497099904885398e-13,0.010146698857907933
346,0.020668945990062068,1.0078936124348896e-13,0.007357147474966257
347,0.0207180004815391,5.6607723438123935e-14,0.0024357175701851677
348,0.02076696574457569,1.4497099904885398e-13,0.013537667400970578
349,0.020815841568557973,1.0078936124348896e-13,0.0005508374043539676
350,0.020864627742827897,5.6607723438123935e-14,0.012305414726238893
351,0.020913324057257595,1.0078936124348896e-13,0.004403061923642179
352,0.02096193030229355,5.6607723438123935e-14,0.0049668147681555435
353,0.02101044626842645,1.0078936124348896e-13,0.011857868620145495
354,0.021058871746677137,1.4497099904885398e-13,0.0005002249955165773
355,0.02110720652864083,1.0078936124348896e-13,0.013651936072570738
356,0.021155450406089467,1.0078936124348896e-13,0.001846869828396695
357,0.021203603171236807,1.0078936124348896e-13,0.0078094374895610295
358,0.021251664616738424,1.0078936124348896e-13,0.009434539348174568
359,0.0212996345354708,1.4497099904885398e-13,0.0006987820779796119
360,0.02134751272088478,5.6607723438123935e-14,0.013980088634305384
361,0.021395298966917206,1.0078936124348896e-13,7.985751770218897e-05
362,0.02144299306763746,1.4497099904885398e-13,0.01052843808999049
363,0.021490594817821833,1.4497099904885398e-13,0.006638795727063756
364,0.02153810401211408,1.4497099904885398e-13,0.002862675019453321
365,0.02158552044617412,1.0078936124348896e-13,0.013239612054398883
366,0.021632843915706062,5.6607723438123935e-14,0.0006275473730171656
367,0.02168007421690001,1.4497099904885398e-13,0.012707462891433607
368,0.021727211146343704,1.4497099904885398e-13,0.0038986341536414127
369,0.02177425450102252,1.0078936124348896e-13,0.005660211328500011
370,0.021821204078319462,1.4497099904885398e-13,0.011543867479370095
371,0.021868059676191907,1.8915263685421902e-13,0.00016713392637320834
372,0.02191482109255304,1.4497099904885398e-13,0.014012704214531376
373,0.021961488126243864,1.8915263685421902e-13,0.001633432066017022
374,0.02200806057610538,1.8915263685421902e-13,0.008663070417792148
375,0.02205453824164132,1.0078936124348896e-13,0.009152457059809264
376,0.022100920922841407,1.4497099904885398e-13,0.0013905390273481557
377,0.022147208419783734,1.4497099904885398e-13,0.014244080207637136
378,0.02219340053303238,1.4497099904885398e-13,0.00018980363211185046
379,0.022239497063769983,1.4497099904885398e-13,0.011411369326518187
380,0.022285497813620984,1.0078936124348896e-13,0.006431442384723578
381,0.022331402584033103,1.0078936124348896e-13,0.0038069349562808636
382,0.02237721117773533,1.8915263685421902e-13,0.013365963913655174
383,0.0224229233971032,5.6607723438123935e-14,0.0002114103462067061
384,0.022468539045616784,5.6607723438123935e-14,0.013484060938530199
385,0.02251405792649107,1.0078936124348896e-13,0.0037972891909833196
386,0.022559479843913037,5.6607723438123935e-14,0.006712028464708046
387,0.022604804602113848,3.175555217260611e-14,0.0115126949759244
388,0.02265003200594321,1.0078936124348896e-13,0.000491077756355256
389,0.02269516186073683,1.8915263685421902e-13,0.014563473453807391
390,0.02274019397187459,1.0078936124348896e-13,0.0016531328592083413
391,0.022785128145664187,1.8915263685421902e-13,0.00966091645767537
392,0.022829964188501688,1.0078936124348896e-13,0.008968001614101877
393,0.02287470190709243,1.2426085632758913e-14,0.0021896284883015944
394,0.02291934110893701,1.0078936124348896e-13,0.014484083315966463
395,0.022963881601977855,1.8915263685421902e-13,0.0003271035813957097
396,0.023008323194024835,1.2426085632758913e-14,0.01220191782706032
397,0.02305266569390401,1.0078936124348896e-13,0.006121508990788424
398,0.02309690891052979,1.0078936124348896e-13,0.004624150286757605
399,0.023141052653435138,1.4497099904885398e-13,0.013257970134083433
400,0.0231850967324181,1.4497099904885398e-13,2.212697851226711e-05
401,0.02322904095798364,1.8915263685421902e-13,0.013945772083644885
402,0.023272885140680884,1.4497099904885398e-13,0.003409042572313892
403,0.023316629091677518,5.6607723438123935e-14,0.007421902606458771
404,0.023360272622538855,5.6607723438123935e-14,0.01107298046643382
405,0.02340381554540457,1.0078936124348896e-13,0.0007848747642771846
406,0.023447257672856162,1.8915263685421902e-13,0.014625339157968315
407,0.023490598817696023,1.0078936124348896e-13,0.0012458946753859104
408,0.023533838793124193,1.8915263685421902e-13,0.010154539373325428
409,0.023576977413003432,5.6607723438123935e-14,0.008263879054838039
410,0.02362001449177086,1.4497099904885398e-13,0.0024986226376996837
411,0.023662949843598506,1.4497099904885398e-13,0.014136599296823187
412,0.023705783284072218,1.0078936124348896e-13,3.673738534487118e-05
413,0.023748514628601114,1.0078936124348896e-13,0.012403679046441324
414,0.023791143692859396,2.3333427465958405e-13,0.005260974409991706
415,0.023833670293404906,2.3333427465958405e-13,0.004901110225312561
416,0.023876094247237304,1.8915263685421902e-13,0.012554598401460443
417,0.023918415371488786,2.7751591246494906e-13,0.00024243425416851295
418,0.02396063348399846,1.4497099904885398e-13,0.013824981090562103
419,0.024002748402782166,2.3333427465958405e-13,0.0025241630049975647
420,0.024044759946562633,2.3333427465958405e-13,0.007624663217491285
421,0.024086667934504428,3.175555217260611e-14,0.010121872010452664
422,0.024128472185904647,1.4497099904885398e-13,0.0006603869219577456
423,0.024170172520899844,5.6607723438123935e-14,0.014200909486970406
424,0.024211768759891658,1.4497099904885398e-13,0.0004725163226858291
425,0.024253260723502645,2.3333427465958405e-13,0.010252437408001263
426,0.024294648233238986,1.4497099904885398e-13,0.007211173902348521
427,0.024335931110916136,5.6607723438123935e-14,0.0025336373741701255
428,0.02437710917848209,1.4497099904885398e-13,0.013474064654674595
429,0.024418182258945216,1.4497099904885398e-13,0.0005798382115276722
430,0.024459150175048773,2.3333427465958405e-13,0.012382195731641529
431,0.0245000127505964,1.4497099904885398e-13,0.00426830389525919
432,0.02454076980952426,2.3333427465958405e-13,0.005090679407354915
433,0.02458142117621035,5.6607723438123935e-14,0.011755942476715953
434,0.024621966675783744,1.4497099904885398e-13,0.0004717678469747804
435,0.024662406133461885,1.4497099904885398e-13,0.01368788205391836
436,0.024702739375080756,1.4497099904885398e-13,0.0017438383966454358
437,0.024742966227050703,5.6607723438123935e-14,0.007940164487281876
438,0.024783086516002976,1.4497099904885398e-13,0.009309783625869506
439,0.02482310006927574,2.3333427465958405e-13,0.0007802187067653302
440,0.02486300671433969,1.4497099904885398e-13,0.013969569771849266
441,0.02490280627950499,2.3333427465958405e-13,2.4198096876332264e-05
442,0.024942498593346886,2.3333427465958405e-13,0.010645883794374422
443,0.024982083484926615,2.3333427465958405e-13,0.006510188055396524
444,0.025021560783614696,2.3333427465958405e-13,0.0029844973073064555
445,0.025060930319488545,1.4497099904885398e-13,0.013184109523496686
446,0.025100191923111588,1.4497099904885398e-13,0.0006274469876969999
447,0.02513934542504724,1.4497099904885398e-13,0.012793504916326009
448,0.02517839065709601,1.4497099904885398e-13,0.003785730649274898
449,0.025217327450749127,2.3333427465958405e-13,0.005803635655033873
450,0.02525615563855818,1.4497099904885398e-13,0.011451746552857302
451,0.025294875053163135,3.175555217260611e-14,0.00011142611225074083
452,0.025333485527999213,1.4497099904885398e-13,0.014054018919025678
453,0.025371986896413273,1.4497099904885398e-13,0.001553376666876098
454,0.0254103789929009,1.4497099904885398e-13,0.008805995540772063
455,0.025448661652090233,5.6607723438123935e-14,0.009037685123920829
456,0.025486834708741933,1.4497099904885398e-13,0.0014931851936272132
457,0.025524897999118862,5.6607723438123935e-14,0.014234189114694259
458,0.025562851358821137,1.4497099904885398e-13,0.00015470733178731138
459,0.025600694624420883,5.6607723438123935e-14,0.011531758299656442
460,0.025638427633020405,2.3333427465958405e-13,0.006311449922388887
461,0.02567605022198709,1.4497099904885398e-13,0.003940660070017933
462,0.025713562229616144,1.4497099904885398e-13,0.013306232145045857
463,0.025750963493981864,1.4497099904885398e-13,0.00019632098102017326
464,0.025788253854130548,3.175555217260611e-14,0.013563318415613456
465,0.025825433149461938,1.4497099904885398e-13,0.0036903024151174655
466,0.025862501220038504,3.175555217260611e-14,0.006856209434174465
467,0.02589945790609945,1.4497099904885398e-13,0.011412125296962035
468,0.02593630304819324,5.6607723438123935e-14,0.0005538960691592304
469,0.025973036487972882,3.175555217260611e-14,0.014589301726815865
470,0.026009658067135573,5.6607723438123935e-14,0.001575385881675211
471,0.026046167628262135,3.175555217260611e-14,0.009793323414104145
472,0.026082565013491578,3.175555217260611e-14,0.008841854989996236
473,0.026118850066465082,1.4497099904885398e-13,0.002290412512624145
474,0.026155022630823838,1.4497099904885398e-13,0.01445237554234716
475,0.026191082550827565,5.6607723438123935e-14,0.000290355429660856
476,0.02622702967122199,5.6607723438123935e-14,0.012302120304434009
477,0.026262863836973748,1.4497099904885398e-13,0.005988965067085197
478,0.026298584894065648,5.6607723438123935e-14,0.0047473252658334995
479,0.026334192688613044,1.4497099904885398e-13,0.01317344455735687
480,0.026369687066863844,5.6607723438123935e-14,3.186265688891305e-05
481,0.02640506787621466,5.6607723438123935e-14,0.013998273771905264
482,0.02644033496432721,5.6607723438123935e-14,0.003290260921327019
483,0.02647548817939339,1.4497099904885398e-13,0.007548466611934225
484,0.02651052736991436,1.4497099904885398e-13,0.010948455321380855
485,0.026545452384965643,2.3333427465958405e-13,0.0008394658848090416
486,0.02658026307397622,3.175555217260611e-14,0.014621958408291691
487,0.026614959287523797,5.6607723438123935e-14,0.0011589276381432454
488,0.026649540875655887,5.6607723438123935e-14,0.010264972474359276
489,0.026684007689701285,1.4497099904885398e-13,0.008118301689805287
490,0.026718359581032955,2.3333427465958405e-13,0.002589576481331404
491,0.026752596401642417,2.3333427465958405e-13,0.014077725592879453
492,0.0267867180046699,1.4497099904885398e-13,7.870838403396186e-05
493,0.026820724242372015,1.4497099904885398e-13,0.0124809328304487
494,0.026854614969081897,1.4497099904885398e-13,0.0051165121083354935
495,0.0268883900378956,5.6607723438123935e-14,0.005014368877147329
496,0.02692204930420663,3.175555217260611e-14,0.012449128935965092
497,0.026955592622613208,5.6607723438123935e-14,0.00023311672654072004
498,0.026989019848906472,1.4497099904885398e-13,0.013857090834200683
499,0.02702233083887756,5.6607723438123935e-14,0.00240280503770479
500,0.027055525449245412,3.175555217260611e-14,0.00774275347320922
501,0.027088603536994074,1.4497099904885398e-13,0.009985839809437446
502,0.027121564959505216,1.4497099904885398e-13,0.0007194328516692575
503,0.02715440957486742,1.4497099904885398e-13,0.014182827317019059
504,0.027187137241831985,5.6607723438123935e-14,0.0003927075065672935
505,0.027219747819459492,5.6607723438123935e-14,0.010357142855897618
506,0.027252241167119783,5.6607723438123935e-14,0.007065283310048191
507,0.027284617144845435,3.175555217260611e-14,0.0026332369745396727
508,0.02731687561315501,2.3333427465958405e-13,0.013408430740421081
509,0.027349016433406537,5.6607723438123935e-14,0.0006060195506074418
510,0.027381039467090574,5.6607723438123935e-14,0.012457343486942819
511,0.027412944576183686,1.4497099904885398e-13,0.004134755870186046
512,0.027444731623325166,1.4497099904885398e-13,0.005215445918374113
513,0.027476400471596114,1.4497099904885398e-13,0.01165267569843734
514,0.027507950984475272,1.2011882778333617e-13,0.000440457555492348
515,0.027539383026413372,5.6607723438123935e-14,0.013721818766334862
516,0.02757069646186115,5.6607723438123935e-14,0.001642932455258262
517,0.027601891155799523,1.4497099904885398e-13,0.008070851197269385
518,0.027632966974093034,1.4497099904885398e-13,0.00918455676630755
519,0.027663923782871327,3.175555217260611e-14,0.0008640794463356193
520,0.02769476144866167,1.4497099904885398e-13,0.013956947358481674
521,0.02772547983887497,5.6607723438123935e-14,2.8771813889930382e-05
522,0.027756078821098856,3.175555217260611e-14,0.010762326835103114
523,0.027786558263539502,5.6607723438123935e-14,0.006382024500424318
524,0.027816918034889084,1.4497099904885398e-13,0.0031079175441765124
525,0.027847158004590863,5.6607723438123935e-14,0.01312670538017658
526,0.02787727804222064,1.2011882778333617e-13,0.0006245307328331167
527,0.02790727801792858,3.175555217260611e-14,0.012877709057322688
528,0.027937157802925213,1.4497099904885398e-13,0.0036740923235729682
529,0.027966917268111794,3.175555217260611e-14,0.00594756092799893
530,0.02799655628580339,3.175555217260611e-14,0.011358191269517339
531,0.028026074727740703,2.3333427465958405e-13,5.323301866143061e-05
532,0.028055472467122432,5.6607723438123935e-14,0.014092915903918592
533,0.02808474937750073,3.175555217260611e-14,0.001475187908354406
534,0.028113905332692847,5.6607723438123935e-14,0.00894822156461922
535,0.028142940206781104,3.175555217260611e-14,0.008922139916280089
536,0.02817185387517329,1.4497099904885398e-13,0.0015975797318038025
537,0.02820064621318882,1.4497099904885398e-13,0.014221645183909162
538,0.028229317096677295,5.6607723438123935e-14,0.00012176770323864703
539,0.028257866402195214,1.4497099904885398e-13,0.011650328938787704
540,0.028286294007226896,5.6607723438123935e-14,0.0061914380161130315
541,0.02831459978854976,3.175555217260611e-14,0.004075103133867162
542,0.028342783625017746,1.2011882778333617e-13,0.013243993603353993
543,0.02837084539473372,5.6607723438123935e-14,0.0001791405912559355
544,0.02839878497703763,5.6607723438123935e-14,0.013639891045257901
545,0.028426602251667057,1.2011882778333617e-13,0.0035840275639603724
546,0.02845429709888976,5.6607723438123935e-14,0.006999942210129412
547,0.028481869399017687,1.4497099904885398e-13,0.011309553942169006
548,0.028509319033688224,1.4497099904885398e-13,0.0006183942521753114
549,0.02853664588453877,3.175555217260611e-14,0.014611964875008132
550,0.028563849834046164,3.175555217260611e-14,0.0014989479705040352
551,0.028590930764819795,1.4497099904885398e-13,0.009924159059950878
552,0.028617888560485232,5.6607723438123935e-14,0.008714493431423971
553,0.02864472310444713,1.4497099904885398e-13,0.0023921827964458174
554,0.02867143428183323,3.175555217260611e-14,0.014417482823675476
555,0.028698021976931824,1.4497099904885398e-13,0.000255287967486582
556,0.02872448607557756,1.4497099904885398e-13,0.012399843807281478
557,0.02875082646395854,3.175555217260611e-14,0.0058561539695514645
558,0.028777043028351223,5.6607723438123935e-14,0.00487061672445149
559,0.028803135655959895,1.2011882778333617e-13,0.01308617785462126
560,0.028829104234298103,1.4497099904885398e-13,4.336827756648167e-05
561,0.028854948651674664,5.6607723438123935e-14,0.01404774385570505
562,0.028880668796840217,5.6607723438123935e-14,0.0031721756181939563
563,0.02890626455881049,1.2011882778333617e-13,0.007674234382516214
564,0.028931735827484838,5.6607723438123935e-14,0.010822028123065599
565,0.0289570824928068,1.4497099904885398e-13,0.0008956201564580693
566,0.028982304446487188,5.6607723438123935e-14,0.014615433491623845
567,0.02900740157895553,2.3333427465958405e-13,0.0010734886029623422
568,0.029032373782629548,1.4497099904885398e-13,0.010373793507382753
569,0.029057220949750225,1.4497099904885398e-13,0.007971927436344284
570,0.029081942973663084,5.6607723438123935e-14,0.0026816222503275814
571,0.0291065397473602,1.4497099904885398e-13,0.01401605236337273
572,0.029131011165247456,1.4497099904885398e-13,0.00011857901311040888
573,0.029155357121951653,3.175555217260611e-14,0.012555980577961917
574,0.029179577512497213,5.6607723438123935e-14,0.004972454407273271
575,0.029203672232571292,1.4497099904885398e-13,0.005128055800418722
576,0.029227641178435404,1.4497099904885398e-13,0.012341608385032251
577,0.029251484247057966,1.4497099904885398e-13,0.0002214734760850403
578,0.029275201335363224,5.6607723438123935e-14,0.01388671339065348
579,0.029298792341689223,5.6607723438123935e-14,0.002282965285003917
580,0.02932225716406475,5.6607723438123935e-14,0.007860517304030002
581,0.029345595701490573,3.175555217260611e-14,0.009848793330386402
582,0.029368807853365105,3.175555217260611e-14,0.0007806482408248006
583,0.029391893520014575,5.6607723438123935e-14,0.0141623325118892
584,0.029414852601897752,3.175555217260611e-14,0.00031527213191964617
585,0.029437685000003582,1.4497099904885398e-13,0.010460791436161482
586,0.029460390616027923,5.6607723438123935e-14,0.006919544277377828
587,0.02948296935224099,3.175555217260611e-14,0.0027344919516607783
588,0.02950542111153155,5.6607723438123935e-14,0.013340802652776639
589,0.029527745796965082,1.4497099904885398e-13,0.0006293614887822906
590,0.029549943312579072,3.175555217260611e-14,0.012530839849527558
591,0.02957201356258773,1.4497099904885398e-13,0.0040024756164443575
592,0.029593956452000532,3.175555217260611e-14,0.0053410743951207845
593,0.029615771886533866,1.4497099904885398e-13,0.011548112573911206
594,0.02963745977208084,3.175555217260611e-14,0.00040630247948406496
595,0.029659020014932206,5.6607723438123935e-14,0.013753736464234582
596,0.02968045252288088,1.4497099904885398e-13,0.0015441901323258748
597,0.02970175720305706,3.175555217260611e-14,0.008201448317675743
598,0.029722933964004758,5.6607723438123935e-14,0.009058903565427998
599,0.029743982714267984,1.4497099904885398e-13,0.0009503289263292461
600,0.02976490336362783,1.4497099904885398e-13,0.01394222154808725
601,0.029785695821467763,5.6607723438123935e-14,7.90395445841439e-05
602,0.029806359998673416,5.6607723438123935e-14,0.010877716058941403
603,0.02982689580599788,2.3333427465958405e-13,0.006254343515326331
604,0.029847303155077876,5.6607723438123935e-14,0.0032328787547488275
605,0.02986758195794777,3.175555217260611e-14,0.013067409658707053
606,0.02988773212739301,2.3333427465958405e-13,0.0006188133291728715
607,0.02990775357646412,2.3333427465958405e-13,0.012960030157387817
608,0.029927646219360376,1.4497099904885398e-13,0.003563745432180796
609,0.02994740996983921,1.4497099904885398e-13,0.0060919172883614784
610,0.029967044743116063,3.175555217260611e-14,0.011263220031665078
611,0.02998655045462728,5.6607723438123935e-14,7.405515767731608e-06
612,0.030005927020295205,1.4497099904885398e-13,0.014129362972283378
613,0.030025174356572357,1.4497099904885398e-13,0.001398875857591573
614,0.03004429238061817,1.4497099904885398e-13,0.009089676448964095
615,0.030063281010343158,1.4497099904885398e-13,0.008805845404939555
616,0.030082140163790384,1.4497099904885398e-13,0.0017036637888878338
617,0.030100869759577268,5.6607723438123935e-14,0.014206434151505166
618,0.03011946971720487,5.6607723438123935e-14,9.097710047998209e-05
619,0.03013793995648352,5.6607723438123935e-14,0.01176701808687927
620,0.03015628039806299,5.6607723438123935e-14,0.006071432559295937
621,0.03017449096254888,2.3333427465958405e-13,0.004210195305237612
622,0.030192571572004778,1.4497099904885398e-13,0.013179254192041663
623,0.030210522148450096,3.175555217260611e-14,0.00015989333932152895
624,0.03022834261421352,2.084821033940662e-13,0.013713734295907158
625,0.030246032892904985,5.6607723438123935e-14,0.00347848851812909
626,0.03026359290809027,5.6607723438123935e-14,0.007143158526419772
627,0.0302810225846164,1.4497099904885398e-13,0.011205006099099392
628,0.030298321846932784,5.6607723438123935e-14,0.0006845353437080355
629,0.03031549062046081,1.4497099904885398e-13,0.014631443880928376
630,0.030332528831682234,5.6607723438123935e-14,0.0014238373600310977
631,0.03034943640725554,5.6607723438123935e-14,0.010053366197402179
632,0.030366213273839208,5.6607723438123935e-14,0.008585957554343812
633,0.03038285935963807,5.6607723438123935e-14,0.002494895258465306
634,0.03039937459268025,2.3333427465958405e-13,0.014379414610403738
635,0.030415758901965847,1.4497099904885398e-13,0.0002219109990434064
636,0.030432012216980973,2.3333427465958405e-13,0.012495051012722375
637,0.030448134467697726,2.3333427465958405e-13,0.005723125516562564
638,0.030464125584706757,1.4497099904885398e-13,0.00499398022335064
639,0.030479985499217252,3.175555217260611e-14,0.012996206493842262
640,0.030495714142659315,2.3333427465958405e-13,5.664371992910176e-05
641,0.030511311447390856,5.6607723438123935e-14,0.01409417065129849
642,0.03052677734638833,5.6607723438123935e-14,0.0030548380446572946
643,0.030542111772760738,1.4497099904885398e-13,0.007799167942894142
644,0.03055731466072162,3.175555217260611e-14,0.01069375673123074
645,0.030572385944749605,1.4497099904885398e-13,0.0009533275524666576
646,0.03058732556007442,3.175555217260611e-14,0.014605780161723002
647,0.030602133441969957,5.6607723438123935e-14,0.00098962263776466
648,0.030616809526903023,3.175555217260611e-14,0.0104809767771064
649,0.030631353751870607,1.4497099904885398e-13,0.007824826628838974
650,0.030645766053781328,5.6607723438123935e-14,0.0027747415354810096
651,0.030660046371134342,1.2011882778333617e-13,0.013951620347572698
652,0.030674194641589363,5.6607723438123935e-14,0.0001563174354627362
653,0.030688210805191907,5.6607723438123935e-14,0.012628812805171518
654,0.030702094800794586,5.6607723438123935e-14,0.004828873309531809
655,0.03071584656901728,1.4497099904885398e-13,0.0052421470105944775
656,0.030729466050479867,3.175555217260611e-14,0.012232096167662975
657,0.030742953186685858,3.175555217260611e-14,0.00020749078166367363
658,0.030756307919315495,3.175555217260611e-14,0.013913856925305708
659,0.030769530191153555,3.175555217260611e-14,0.002164706381170507
660,0.030782619945117357,5.6607723438123935e-14,0.007977928802636492
661,0.030795577124521866,3.175555217260611e-14,0.009710801521838045
662,0.030808401674140035,3.175555217260611e-14,0.0008440265898636375
663,0.030821093538214633,3.175555217260611e-14,0.014139449607941747
664,0.030833652662358064,5.6607723438123935e-14,0.0002402538766216583
665,0.03084607899258037,3.175555217260611e-14,0.010563359266408537
666,0.030858372475112496,2.3333427465958405e-13,0.006774024695609351
667,0.030870533057157385,5.6607723438123935e-14,0.0028373765653996203
668,0.030882560686315615,3.175555217260611e-14,0.01327121750475884
669,0.030894455310850485,1.2011882778333617e-13,0.0006498459895171277
670,0.030906216879378754,3.175555217260611e-14,0.012602666604278475
671,0.030917845341268266,5.6607723438123935e-14,0.0038715195734255223
672,0.03092934064668213,5.6607723438123935e-14,0.005467523777831653
673,0.030940702745871823,3.175555217260611e-14,0.011442297080302736
674,0.030951931590104998,1.4497099904885398e-13,0.0003693129897057734
675,0.030963027130516765,5.6607723438123935e-14,0.013783625384889373
676,0.0309739893200095,1.4497099904885398e-13,0.0014476477918103602
677,0.030984818110955388,3.175555217260611e-14,0.008331905735831724
678,0.030995513456831176,3.175555217260611e-14,0.008932868118802827
679,0.031006075311687958,5.6607723438123935e-14,0.0010389299534064203
680,0.031016503629753552,1.2011882778333617e-13,0.013925392522959438
681,0.031026798366360325,3.175555217260611e-14,0.00012659435906832155
682,0.031036959477194096,5.6607723438123935e-14,0.010991999969804619
683,0.03104698691820577,3.175555217260611e-14,0.006127182584687709
684,0.03105688064662752,3.175555217260611e-14,0.003359322618466228
685,0.03106664061924971,1.2011882778333617e-13,0.013006232481366415
686,0.031076266794939234,1.4497099904885398e-13,0.0006103112934913783
687,0.03108575913141426,5.6607723438123935e-14,0.013040423245181
688,0.0310951175879835,1.4497099904885398e-13,0.003454715132564764
689,0.031104342124574212,5.6607723438123935e-14,0.006236634207736004
690,0.031113432701334556,1.4497099904885398e-13,0.011166851360419812
691,0.031122389279384693,3.175555217260611e-14,7.044825534218603e-05
692,0.031131211819623875,5.6607723438123935e-14,0.014163328601051647
693,0.0311399002844977,3.175555217260611e-14,0.001324449519865743
694,0.031148454636098336,5.6607723438123935e-14,0.0092302882671607
695,0.0311568748382852,5.6607723438123935e-14,0.008688825702381513
696,0.03116516085425498,3.175555217260611e-14,0.0018113777343365734
697,0.03117331264857401,2.084821033940662e-13,0.014188542830500476
698,0.03118133018611788,3.175555217260611e-14,6.232702685218695e-05
699,0.031189213431850563,5.6607723438123935e-14,0.011881763472563554
700,0.031196962352503278,3.175555217260611e-14,0.005951459586851312
701,0.031204576914586345,1.4497099904885398e-13,0.004345867704425761
702,0.031212057085184444,3.175555217260611e-14,0.013112021115985268
703,0.031219402831956615,5.6607723438123935e-14,0.00013860390640528078
704,0.03122661412344553,1.2011882778333617e-13,0.01378480515717864
705,0.031233690928591507,5.6607723438123935e-14,0.003373709278768177
706,0.03124063321677666,3.175555217260611e-14,0.007285790823489364
707,0.031247440958090025,1.2011882778333617e-13,0.011098508280182042
708,0.03125411412354845,1.2011882778333617e-13,0.0007522822735960185
709,0.03126065268399205,3.175555217260611e-14,0.014647721645045684
710,0.031267056611586394,3.175555217260611e-14,0.001350072355680937
711,0.03127332587862959,5.6607723438123935e-14,0.010180888971236262
712,0.031279460457949944,1.2011882778333617e-13,0.00845628912189071
713,0.0312854603234361,5.6607723438123935e-14,0.0025985061356216424
714,0.031291325448976705,5.6607723438123935e-14,0.014338182377917098
715,0.03129705580952078,3.175555217260611e-14,0.00019023434767667899
716,0.031302651380282424,3.175555217260611e-14,0.0125877063780429
717,0.031308112137315186,3.175555217260611e-14,0.005589930322337676
718,0.031313438056805164,3.175555217260611e-14,0.005117372027746231
719,0.03131862911617554,5.6607723438123935e-14,0.01290356875558141
720,0.0313236852928495,1.2011882778333617e-13,7.168882015126034e-05
721,0.03132860656491295,5.6607723438123935e-14,0.014137544406384308
722,0.03133339291146797,5.6607723438123935e-14,0.0029382999028648637
723,0.031338044311793385,3.175555217260611e-14,0.007923230285644548
724,0.03134256074578654,5.6607723438123935e-14,0.010563700322231775
725,0.03134694219414007,3.175555217260611e-14,0.001012577951351765
726,0.03135118863803258,1.4497099904885398e-13,0.014593015959229553
727,0.031355300058863604,2.084821033940662e-13,0.0009073746052037697
728,0.03135927643913723,1.4497099904885398e-13,0.010586497684519735
729,0.03136311776184351,3.175555217260611e-14,0.00767707023510544
730,0.031366824010105064,3.175555217260611e-14,0.002868915804096805
731,0.03137039516832578,5.6607723438123935e-14,0.013884471656853973
732,0.03137383122099789,3.175555217260611e-14,0.00019189250215265833
733,0.03137713215305547,1.2011882778333617e-13,0.012699421085136994
734,0.03138029795066966,5.6607723438123935e-14,0.0046858406725686485
735,0.03138332860009997,3.175555217260611e-14,0.005356618386621073
736,0.03138622408822445,3.175555217260611e-14,0.012120652454034521
737,0.03138898440276062,5.6607723438123935e-14,0.00019115598912537293
738,0.031391609531514326,1.2011882778333617e-13,0.013938530456071454
739,0.03139409946330763,1.2011882778333617e-13,0.002048090057584171
740,0.031396454187536935,5.6607723438123935e-14,0.00809496193005027
741,0.03139867369381955,1.2011882778333617e-13,0.009571933338074495
742,0.03140075797283316,3.175555217260611e-14,0.000909560108591027
743,0.03140270701574143,3.175555217260611e-14,0.01411420365218899
744,0.03140452081361967,3.175555217260611e-14,0.00016769489234160463
745,0.03140619935913373,5.6607723438123935e-14,0.010664822353800374
746,0.03140774264477273,3.175555217260611e-14,0.006628791721450767
747,0.03140915066417452,1.2011882778333617e-13,0.0029418637610419255
748,0.03141042341088857,1.2011882778333617e-13,0.01319971250190161
749,0.031411560879789815,2.084821033940662e-13,0.0006674569338483057
750,0.03141256306575319,3.175555217260611e-14,0.012672805468480392
751,0.03141342996471398,3.175555217260611e-14,0.0037419428227308455
752,0.03141416157269584,3.175555217260611e-14,0.005594751872689161
753,0.031414757886826954,2.9684537900479625e-13,0.011335272861912653
754,0.031415218904014615,3.175555217260611e-14,0.0003295014587833243
755,0.03141554462297756,1.2011882778333617e-13,0.013811475753730415
756,0.031415735041771795,3.175555217260611e-14,0.0013533400291712056
757,0.03141579015995549,3.175555217260611e-14,0.008462172571102872
758,0.0314157099769543,2.084821033940662e-13,0.008806493824287585
759,0.031415494493298404,3.175555217260611e-14,0.001129843559274234
760,0.031415143709915605,5.6607723438123935e-14,0.01390646052583215
761,0.031414657628131365,3.175555217260611e-14,0.00017142742834905418
762,0.0314140362502873,5.6607723438123935e-14,0.011105126781423093
763,0.031413279579122676,3.175555217260611e-14,0.006000578223306649
764,0.031412387617509294,1.2011882778333617e-13,0.0034871895224586353
765,0.03141136036982115,2.084821033940662e-13,0.01294318407302274
766,0.03141019783994622,1.2011882778333617e-13,0.0005990429060296424
767,0.03140890003323048,3.175555217260611e-14,0.013118843578399443
768,0.03140746695497572,3.175555217260611e-14,0.0033470254969135043
769,0.03140589861189757,1.2011882778333617e-13,0.006381640556424904
770,0.031404195010137255,5.6607723438123935e-14,0.011069103916161359
771,0.03140235615751494,1.2011882778333617e-13,0.00013585261656233003
772,0.03140038206145313,1.2011882778333617e-13,0.014194781988552783
773,0.03139827273100907,3.175555217260611e-14,0.0012519168639538373
774,0.03139602817484236,3.175555217260611e-14,0.009369985270968498
775,0.03139364840289386,1.2011882778333617e-13,0.008571105069892006
776,0.03139113342528117,1.4497099904885398e-13,0.0019206612175349553
777,0.0313884832528288,3.175555217260611e-14,0.014167959127939006
778,0.0313856978969356,1.2011882778333617e-13,3.580815172353676e-05
779,0.03138277736988406,3.175555217260611e-14,0.011994503757677522
780,0.03137972168373579,1.2011882778333617e-13,0.0058315452791388184
781,0.03137653085205453,3.175555217260611e-14,0.004482051465070949
782,0.03137320488849242,1.2011882778333617e-13,0.013042302884833342
783,0.031369743807452666,1.2011882778333617e-13,0.00011529747453856439
784,0.0313661476235594,2.084821033940662e-13,0.013853062155503849
785,0.03136241635258546,3.175555217260611e-14,0.00326971395137922
786,0.031358550010524594,5.6607723438123935e-14,0.007427772284386977
787,0.0313545486139891,1.2011882778333617e-13,0.010990088313044806
788,0.03135041218012146,1.4497099904885398e-13,0.0008215978853469561
789,0.03134614072712451,3.175555217260611e-14,0.014660782990260562
790,0.031341734272803436,1.4497099904885398e-13,0.0012776713232302093
791,0.03133719283646563,3.175555217260611e-14,0.010306672890118508
792,0.03133251643790446,3.175555217260611e-14,0.008325531021092116
793,0.031327705096957474,3.175555217260611e-14,0.00270297200266666
794,0.03132275883430169,3.175555217260611e-14,0.014293799602498719
795,0.03131767767132101,2.084821033940662e-13,0.00016026783911755776
796,0.03131246163010626,3.175555217260611e-14,0.012677776136631087
797,0.031307110732836624,2.084821033940662e-13,0.005456619754834723
798,0.03130162500275163,5.6607723438123935e-14,0.005240749105871761
799,0.03129600446335593,5.6607723438123935e-14,0.01280830469517663
800,0.03129024913894941,1.2011882778333617e-13,8.850336616109593e-05
801,0.03128435905422961,2.084821033940662e-13,0.014177857290032294
802,0.03127833423460097,1.2011882778333617e-13,0.0028226131686255583
803,0.031272174706042294,3.175555217260611e-14,0.00804638538002326
804,0.03126588049501838,3.175555217260611e-14,0.010431919349273535
805,0.031259451628656766,1.2011882778333617e-13,0.0010733611273616845
806,0.031252888134836045,3.175555217260611e-14,0.014577160186570872
807,0.03124619004165576,3.852086546155263e-13,0.0008267891176000818
808,0.031239357377966504,1.2011882778333617e-13,0.010690332711560226
809,0.031232390173104894,2.3333427465958405e-13,0.007528729790693812
810,0.03122528845737953,2.084821033940662e-13,0.0029641263737043315
811,0.031218052261010654,1.2011882778333617e-13,0.013814649725124325
812,0.03121068161527886,1.2011882778333617e-13,0.00022527381303228723
813,0.031203176552127482,1.2011882778333617e-13,0.012767798011425309
814,0.031195537103720743,3.175555217260611e-14,0.004543428138941847
815,0.031187763302973966,1.2011882778333617e-13,0.005471445638936219
816,0.031179855183332654,3.175555217260611e-14,0.012007338105148233
817,0.03117181277894921,5.6607723438123935e-14,0.00017245756246778062
818,0.031163636124329496,3.175555217260611e-14,0.01396074381195132
819,0.031155325254951363,2.3333427465958405e-13,0.0019331770847622618
820,0.03114688020629267,1.2011882778333617e-13,0.008211590491950279
821,0.031138301014891626,5.6607723438123935e-14,0.009432257695381668
822,0.03112958771772827,2.084821033940662e-13,0.000977239690994691
823,0.031120740352312805,5.6607723438123935e-14,0.014086620177376141
824,0.03111175895681817,3.175555217260611e-14,9.76357751122928e-05
825,0.03110264356954984,3.175555217260611e-14,0.010765156595928119
826,0.031093394230050392,3.175555217260611e-14,0.006483911752392818
827,0.031084010978304197,5.6607723438123935e-14,0.003047925178394386
828,0.03107449385473746,2.9684537900479625e-13,0.013126324938632321
829,0.0310648428999531,1.2011882778333617e-13,0.000682180106952404
830,0.03105505815596786,3.175555217260611e-14,0.01274123810940452
831,0.031045139664400843,5.6607723438123935e-14,0.003613799091087527
832,0.031035087468594232,3.175555217260611e-14,0.005722715394324207
833,0.03102490161136004,1.2011882778333617e-13,0.011227083238748466
834,0.03101458213670317,1.2011882778333617e-13,0.0002868822280763494
835,0.031004129089158717,1.2011882778333617e-13,0.013837277816158988
836,0.030993542513615226,1.2011882778333617e-13,0.001261299687447416
837,0.030982822455800692,1.2011882778333617e-13,0.008592197212797349
838,0.03097196896175238,5.6607723438123935e-14,0.008679823389002096
839,0.030960982078302828,5.6607723438123935e-14,0.001223029039213051
840,0.030949861852814748,5.6607723438123935e-14,0.013885425883826234
841,0.03093860833322522,5.6607723438123935e-14,0.0002135317977947348
842,0.030927221567824778,1.2011882778333617e-13,0.011217044470978672
843,0.030915701605699213,5.6607723438123935e-14,0.005874566016841505
844,0.03090404849664124,5.6607723438123935e-14,0.00361641863638676
845,0.030892262290443555,5.6607723438123935e-14,0.012878274809910394
846,0.03088034303831268,1.2011882778333617e-13,0.0005850281489937204
847,0.030868290791322594,1.2011882778333617e-13,0.01319524671358496
848,0.030856105601386716,5.6607723438123935e-14,0.0032406995654209523
849,0.03084378752121374,1.2011882778333617e-13,0.00652686468250361
850,0.030831336603689086,1.2011882778333617e-13,0.01096999656038435
851,0.030818752902449266,5.6607723438123935e-14,0.00020357475816569582
852,0.03080603647152842,5.6607723438123935e-14,0.014223693129976194
853,0.03079318736606523,2.3333427465958405e-13,0.0011812848954730725
854,0.030780205641242567,5.6607723438123935e-14,0.009508695977943692
855,0.03076709135272929,5.6607723438123935e-14,0.008452707988074723
856,0.030753844557166263,2.3333427465958405e-13,0.002031453252624324
857,0.030740465311812886,2.3333427465958405e-13,0.01414467212105953
858,0.030726953674282013,5.6607723438123935e-14,1.141039037011263e-05
859,0.030713309702274864,5.6607723438123935e-14,0.01210517861899872
860,0.03069953345512738,5.6607723438123935e-14,0.005711716012331136
861,0.03068562499182205,5.6607723438123935e-14,0.004618677814919398
862,0.030671584372401712,5.6607723438123935e-14,0.012970109374949199
863,0.030657411657351037,1.2011882778333617e-13,8.999964971974951e-05
864,0.030643106907684858,1.2011882778333617e-13,0.013918465443463646
865,0.030628670185169113,5.6607723438123935e-14,0.003166526809088939
866,0.030614101551525545,5.6607723438123935e-14,0.00756903691853475
867,0.030599401070110624,1.2011882778333617e-13,0.010879775384872885
868,0.030584568803662275,5.6607723438123935e-14,0.0008924449959595609
869,0.030569604816332235,4.1006082588104413e-13,0.014670614714481089
870,0.03055450917258152,5.6607723438123935e-14,0.0012066527332544154
871,0.03053928193744549,5.6607723438123935e-14,0.010430664890223004
872,0.030523923176489706,5.6607723438123935e-14,0.008193727276475936
873,0.03050843295585407,1.2011882778333617e-13,0.0028082498092775712
874,0.030492811342208687,2.3333427465958405e-13,0.014246281778560613
875,0.03047705840293054,2.3333427465958405e-13,0.0001320213130585984
876,0.030461174205882634,2.3333427465958405e-13,0.012765228320509449
877,0.03044515881919305,2.3333427465958405e-13,0.005323245925765313
878,0.03042901231218278,2.3333427465958405e-13,0.005364069150451228
879,0.03041273475412863,2.9684537900479625e-13,0.012710456118795786
880,0.03039632621536777,1.2011882778333617e-13,0.00010708707351722434
881,0.03037978676632573,2.3333427465958405e-13,0.014215103372889924
882,0.03036311647853258,5.6607723438123935e-14,0.002707830052706221
883,0.030346315423695123,1.2011882778333617e-13,0.00816859814872585
884,0.030329383673917784,5.6607723438123935e-14,0.010298475480997707
885,0.03031232130240954,5.6607723438123935e-14,0.00113566671663291
886,0.030295128382556095,2.3333427465958405e-13,0.014558233857859352
887,0.030277804988450053,1.2011882778333617e-13,0.0007479104821556164
888,0.03026035119453747,2.3333427465958405e-13,0.010792459394692677
889,0.030242767076103867,5.6607723438123935e-14,0.00737987734392631
890,0.03022505270896492,1.2011882778333617e-13,0.003060354386078399
891,0.03020720816937815,2.3333427465958405e-13,0.013742199260666681
892,0.030189233534175415,5.6607723438123935e-14,0.000256431744490201
893,0.030171128880895497,1.2011882778333617e-13,0.012833937171513555
894,0.03015289428720971,2.9684537900479625e-13,0.004401707066768078
895,0.030134529831938095,2.3333427465958405e-13,0.005586604283224965
896,0.030116035593944882,2.3333427465958405e-13,0.011892214596130225
897,0.030097411653066283,2.3333427465958405e-13,0.00015138512527980506
898,0.030078658089447794,5.6607723438123935e-14,0.013980507581516623
899,0.03005977498398599,1.2011882778333617e-13,0.00182002719380492
900,0.03004076241775418,2.3333427465958405e-13,0.008327788103415872
901,0.0300216204727093,2.9684537900479625e-13,0.009291843377677292
902,0.030002349231382654,1.2011882778333617e-13,0.001047054876188246
903,0.029982948776879896,5.6607723438123935e-14,0.014056725125547108
904,0.029963419192483416,1.2011882778333617e-13,3.0115490487368866e-05
905,0.02994376056253596,4.735719302262563e-13,0.010864337724701759
906,0.029923972971557,2.3333427465958405e-13,0.006339450330834831
907,0.029904056504861283,2.3333427465958405e-13,0.003155531106631027
908,0.029884011248161185,1.2011882778333617e-13,0.013051092102839473
909,0.029863837287875988,5.6607723438123935e-14,0.0006940032744920976
910,0.029843534710778427,2.3333427465958405e-13,0.012807946084751606
911,0.029823103604303965,5.6607723438123935e-14,0.0034871406459916336
912,0.029802544056683332,1.2011882778333617e-13,0.005851369909617103
913,0.029781856156279807,1.2011882778333617e-13,0.011117771112505932
914,0.02976103999220775,2.3333427465958405e-13,0.00024147166308203453
915,0.02974009565397916,5.6607723438123935e-14,0.013861021781700879
916,0.02971902323212221,2.3333427465958405e-13,0.0011715577872738016
917,0.029697822817209264,5.6607723438123935e-14,0.008721927305409263
918,0.029676494500298675,5.6607723438123935e-14,0.008552898765355452
919,0.02965503837368588,2.9684537900479625e-13,0.0013184439367896587
920,0.029633454529666325,1.2011882778333617e-13,0.013862288963737649
921,0.029611743060933084,5.6607723438123935e-14,0.00025290242707575936
922,0.02958990406132796,5.6607723438123935e-14,0.01132770077194728
923,0.02956793762486947,2.9684537900479625e-13,0.005749180557040508
924,0.029545843846017963,5.6607723438123935e-14,0.003746947901661781
925,0.029523622819896504,5.6607723438123935e-14,0.012811515176420391
926,0.02950127464233506,5.6607723438123935e-14,0.000568288723697196
927,0.029478799409693793,5.6607723438123935e-14,0.01326958850091052
928,0.02945619721850957,5.6607723438123935e-14,0.0031357593085552292
929,0.029433468166247093,5.6607723438123935e-14,0.0066722344289630794
930,0.0294106123507245,5.6607723438123935e-14,0.010869548307363521
931,0.029387629870687763,1.2011882778333617e-13,0.0002735695676957328
932,0.029364520824661924,1.2011882778333617e-13,0.014250032801907734
933,0.029341285312453304,5.6607723438123935e-14,0.0011125596212705618
934,0.029317923434044955,5.6607723438123935e-14,0.00964634919494384
935,0.029294435290082646,2.3333427465958405e-13,0.00833365911726426
936,0.02927082098191905,2.3333427465958405e-13,0.002143692240239803
937,0.029247080610862664,5.6607723438123935e-14,0.014118672049166262
938,0.029223214279547438,1.2011882778333617e-13,1.087710220962771e-05
939,0.029199222090518947,1.2011882778333617e-13,0.012213728776698258
940,0.029175104147162224,2.3333427465958405e-13,0.005591998346396556
941,0.02915086055348085,5.6607723438123935e-14,0.004755678115852787
942,0.029126491413655118,2.3333427465958405e-13,0.012895451816156445
943,0.029101996832793152,2.3333427465958405e-13,6.273645431496059e-05
944,0.02907737691635652,2.3333427465958405e-13,0.01398097680146716
945,0.02905263177038115,5.6607723438123935e-14,0.0030641722601315027
946,0.029027761501433155,2.3333427465958405e-13,0.00770951957763357
947,0.029002766216608824,5.6607723438123935e-14,0.010767600005561354
948,0.02897764602366717,5.6607723438123935e-14,0.0009647864082060584
949,0.02895240103067648,5.6607723438123935e-14,0.014677205576926615
950,0.028927031346456133,2.3333427465958405e-13,0.0011370351265778604
951,0.028901537080178948,2.3333427465958405e-13,0.010552813338502007
952,0.02887591834168048,2.3333427465958405e-13,0.008060923012604486
953,0.028850175241370644,2.9684537900479625e-13,0.0029142969041801407
954,0.028824307890056983,5.6607723438123935e-14,0.01419564640273826
955,0.028798316399165594,1.2011882778333617e-13,0.00010550462686501164
956,0.028772200880520193,2.3333427465958405e-13,0.012850032778802901
957,0.028745961446783964,2.3333427465958405e-13,0.005189861661434871
958,0.028719598210929356,5.867873771025043e-13,0.005487290602468846
959,0.028693111286326446,5.6607723438123935e-14,0.012610066561257509
960,0.028666500787361496,1.2011882778333617e-13,0.0001274395991050464
961,0.028639766828288223,5.6607723438123935e-14,0.014249278628242731
962,0.02861290952437652,5.6607723438123935e-14,0.002594002978917553
963,0.028585928991470638,2.3333427465958405e-13,0.008289834496605695
964,0.028558825345591562,5.6607723438123935e-14,0.010163431576034204
965,0.02853159870355554,4.1006082588104413e-13,0.0011994842305329892
966,0.028504249182488093,5.6607723438123935e-14,0.014536259690144427
967,0.028476776900310016,5.6607723438123935e-14,0.0006707826838115272
968,0.028449181975428093,5.6607723438123935e-14,0.010892856326499757
969,0.028421464526425848,1.2011882778333617e-13,0.007230585395545121
970,0.028393624672925055,4.1006082588104413e-13,0.0031575808032629125
971,0.028365662534768413,5.6607723438123935e-14,0.013667166189056456
972,0.028337578232262524,5.6607723438123935e-14,0.00028533750538539714
973,0.02830937188653134,4.1006082588104413e-13,0.01289783311241563
974,0.02828104361903019,2.3333427465958405e-13,0.004260748475997757
975,0.028252593551700393,5.6607723438123935e-14,0.00570206963193683
976,0.028224021806969268,2.3333427465958405e-13,0.01177534398026752
977,0.028195328508125672,1.2011882778333617e-13,0.00012792947797245913
978,0.02816651377854683,2.3333427465958405e-13,0.013997833101863985
979,0.02813757774244942,5.6607723438123935e-14,0.0017086990551878898
980,0.02810852052435938,5.6607723438123935e-14,0.008443528198293327
981,0.028079342249642116,2.3333427465958405e-13,0.00915075901662917
982,0.02805004304372929,4.1006082588104413e-13,0.0011189938545082703
983,0.02802062303284785,4.1006082588104413e-13,0.014024544852816108
984,0.027991082343799094,5.6607723438123935e-14,3.482862619359284e-05
985,0.027961421103826135,1.2011882778333617e-13,0.01096234134920633
986,0.027931639440525544,5.6607723438123935e-14,0.00619547214408471
987,0.02790173748224498,2.3333427465958405e-13,0.0032646505242334063
988,0.027871715357928553,2.9684537900479625e-13,0.012974051309097269
989,0.027841573196564554,5.6607723438123935e-14,0.0007029161389647001
990,0.02781131112813536,2.9684537900479625e-13,0.012872910902650598
991,0.027780929283020988,1.2011882778333617e-13,0.0033620183419220914
992,0.027750427792087445,4.1006082588104413e-13,0.005980669924205223
993,0.02771980678657629,1.2011882778333617e-13,0.011007379022679741
994,0.02768906639836971,5.6607723438123935e-14,0.0001932880802703281
995,0.027658206760145163,1.2011882778333617e-13,0.013882697893194833
996,0.02762722800440338,5.6607723438123935e-14,0.001084143583963651
997,0.027596130264838,1.2011882778333617e-13,0.008851309832563789
998,0.027564913675208927,5.6607723438123935e-14,0.008425761208835585
999,0.027533578370159708,2.9684537900479625e-13,0.0014160441263885686
1000,0.027502124484532695,2.3333427465958405e-13,0.01383705025456876
