period,drL_Boris,drL_RK4,drL_SPPINN,dgamma_Boris,dgamma_RK4,dgamma_SPPINN
1,5.438959822042074e-16,2.7945559946390143e-08,2.8696285116953482e-05,5.329070518200751e-16,2.6827737542589602e-08,2.7548449522640795e-05
11,9.06493303673679e-16,3.0740135358115724e-07,1.101981020340285e-05,7.105427357601002e-16,2.951052977095969e-07,1.0579020126755268e-05
21,1.0877919644084148e-15,5.868575302999944e-07,3.904795172801168e-06,8.881784197001252e-16,5.633832225626633e-07,3.7486036584155615e-06
31,3.263375893225244e-15,8.663140846639419e-07,2.8025813666484474e-05,3.197442310920451e-15,8.316615069503542e-07,2.6904796200000192e-05
41,5.9828558042462816e-15,1.145771019211181e-06,3.7432384836555755e-06,5.684341886080802e-15,1.0999401533595688e-06,3.5935092132177716e-06
51,6.88934910791996e-15,1.425228330497037e-06,3.670820795897351e-06,6.394884621840902e-15,1.3682191584152292e-06,3.523988222653429e-06
61,5.438959822042074e-15,1.7046860221474833e-06,2.280338553412471e-05,5.151434834260726e-15,1.6364985254924137e-06,2.1891260096396082e-05
71,6.88934910791996e-15,1.9841440896300535e-06,5.340696107647967e-06,6.394884621840902e-15,1.904778250505501e-06,5.127067715804401e-06
81,5.62025848277681e-15,2.26360253530163e-06,1.9924885042602075e-06,5.329070518200751e-15,2.17305833558612e-06,1.9127890402259594e-06
91,6.345453125715753e-15,2.5430613595248097e-06,1.4556805532660123e-05,6.0396132539608514e-15,2.4413387810895413e-06,1.3974537379723984e-05
101,6.526751786450488e-15,2.822520560849204e-06,1.423077645111013e-05,6.217248937900877e-15,2.7096195854170448e-06,1.366154150481691e-05
111,5.801557143511546e-15,3.1019801425381885e-06,3.1952190512383687e-07,5.329070518200751e-15,2.977900752121343e-06,3.067410307977525e-07
121,6.88934910791996e-15,3.3814400991528033e-06,5.444500574897964e-06,6.572520305780927e-15,3.2461822756957305e-06,5.226721120976663e-06
131,5.438959822042074e-15,3.660900433049931e-06,2.075844187348763e-05,5.151434834260726e-15,3.5144641584494706e-06,1.9928095924903745e-05
141,7.433245090124167e-15,3.940361146586454e-06,1.2227206970348933e-07,7.105427357601002e-15,3.782746402691828e-06,1.173811870813779e-07
151,7.070647768654696e-15,4.2198222383119845e-06,2.368412772645036e-06,6.7501559897209515e-15,4.051029007001717e-06,2.27367615419638e-06
161,6.1641544649810174e-15,4.499283709676909e-06,2.3191607314236002e-05,5.861977570020826e-15,4.319311972622586e-06,2.226393269477711e-05
171,5.62025848277681e-15,4.778745559230841e-06,2.352135783598037e-06,5.329070518200751e-15,4.587595298488622e-06,2.2580504584368556e-06
181,5.801557143511546e-15,5.05820778552339e-06,7.3121977940385945e-06,5.329070518200751e-15,4.8558789830011054e-06,7.019708855793283e-06
191,4.895063839837867e-15,5.337670393812217e-06,2.0734658528127385e-05,4.618527782440651e-15,5.124163031133832e-06,1.9905263932429307e-05
201,6.526751786450488e-15,5.617133381015244e-06,7.068222546804071e-06,6.0396132539608514e-15,5.392447440044634e-06,6.7854946040668555e-06
211,7.251946429389432e-15,5.8965967444129926e-06,8.814051814038066e-06,6.927791673660977e-15,5.660732207246611e-06,8.461488249977833e-06
221,9.06493303673679e-15,6.17606048436806e-06,1.3775921527499103e-05,8.704148513061228e-15,5.929017332562125e-06,1.3224881022644297e-05
231,1.1421815626288356e-14,6.455524606138107e-06,1.3351024485599808e-05,1.0835776720341527e-14,6.197302821853157e-06,1.2816986928498863e-05
241,1.0515322322614677e-14,6.734989102289887e-06,7.383374103759761e-06,1.0125233984581428e-14,6.465588667303734e-06,7.088038092994964e-06
251,9.427530358206262e-15,7.0144539788062585e-06,3.806734288278044e-06,8.881784197001252e-15,6.733874874953471e-06,3.6544646386360567e-06
261,7.251946429389432e-15,7.293919230973455e-06,1.953475317195815e-05,6.7501559897209515e-15,7.002161440361476e-06,1.8753370371626944e-05
271,5.0763625005726024e-15,7.5733848645930335e-06,4.362869449908519e-06,4.7961634663806766e-15,7.270448368856819e-06,4.188354306577935e-06
281,4.713765179103131e-15,7.85285087603902e-06,6.967732866127225e-06,4.440892098500626e-15,7.5387356570644215e-06,6.689024483641504e-06
291,4.351167857633659e-15,8.132317267849599e-06,2.369121296658562e-05,4.085620730620576e-15,7.807023307471184e-06,2.274357522420445e-05
301,2.5381812502863012e-15,8.41178403676139e-06,1.4303838189851009e-06,2.4868995751603505e-15,8.075311316879663e-06,1.3731684269657762e-06
311,2.3568825895515654e-15,8.691251182049202e-06,1.621512208556626e-05,2.1316282072803005e-15,8.343599684579317e-06,1.556652225023214e-05
321,3.625973214694716e-16,8.970718706251214e-06,2.421978675789907e-05,3.552713678800501e-16,8.611888413057045e-06,2.325100654996248e-05
331,5.438959822042074e-16,9.250186608098338e-06,1.2373522277768028e-08,5.329070518200751e-16,8.880177501069398e-06,1.1878581496205243e-08
341,1.9942852680820937e-15,9.529654889947454e-06,2.209106280529488e-05,1.9539925233402757e-15,9.148466950748002e-06,2.1207429662695175e-05
351,2.719479911021037e-15,9.809123548535186e-06,2.036409337273363e-05,2.6645352591003757e-15,9.416756759250688e-06,1.9549537599772294e-05
361,2.719479911021037e-15,1.008859258621842e-05,7.957774361409557e-07,2.6645352591003757e-15,9.685046928709084e-06,7.639463266428947e-07
371,0.0,1.0368062001002866e-05,2.370578317504982e-05,0.0,9.953337457169197e-06,2.275756263738771e-05
381,5.438959822042074e-16,1.064753179506411e-05,1.2496332173030662e-05,5.329070518200751e-16,1.0221628346585022e-05,1.1996481884146703e-05
391,2.900778571755773e-15,1.092700196749566e-05,3.4929289460351767e-06,2.842170943040401e-15,1.0489919596423647e-05,3.353211553935864e-06
401,9.06493303673679e-16,1.120647251630323e-05,2.130947588782152e-05,1.0658141036401502e-15,1.0758211204553447e-05,2.045710557059266e-05
411,7.251946429389432e-16,1.1485943443299806e-05,2.0789146636244205e-06,5.329070518200751e-16,1.1026503172750779e-05,1.9957581599783226e-06
421,1.0877919644084148e-15,1.1765414747397596e-05,6.934050654320464e-06,1.0658141036401502e-15,1.1294795499949829e-05,6.6566877050533435e-06
431,1.0877919644084148e-15,1.2044886432585171e-05,1.614756892750873e-05,1.0658141036401502e-15,1.1563088189880943e-05,1.550167117638779e-05
441,7.251946429389432e-16,1.2324358494692663e-05,8.691085805943346e-06,7.105427357601002e-16,1.183138123863614e-05,8.343440923574974e-06
451,2.719479911021037e-15,1.260383093625825e-05,9.458636580740027e-06,2.4868995751603505e-15,1.2099674648879954e-05,9.08028939985428e-06
461,2.719479911021037e-15,1.2883303757463234e-05,1.0035291780368416e-05,2.4868995751603505e-15,1.236796842043475e-05,9.63388204269222e-06
471,3.263375893225244e-15,1.3162776953775146e-05,1.745472426870199e-05,3.0198066269804257e-15,1.2636262549037269e-05,1.675652944825856e-05
481,3.807271875429452e-15,1.344225053027035e-05,9.482594585422752e-06,3.552713678800501e-15,1.2904557039661312e-05,9.103289075618193e-06
491,3.263375893225244e-15,1.3721724484591962e-05,4.784128111237972e-06,3.0198066269804257e-15,1.3172851890175252e-05,4.592763426103375e-06
501,3.263375893225244e-15,1.4001198819640763e-05,2.2316629910235075e-05,3.197442310920451e-15,1.3441147103065987e-05,2.1423955151433916e-05
511,3.625973214694716e-15,1.4280673530702985e-05,6.061658842619996e-06,3.3750779948604757e-15,1.3709442673892624e-05,5.819191783551503e-06
521,3.263375893225244e-15,1.4560148620135514e-05,1.6558283426431112e-06,3.0198066269804257e-15,1.397773860496443e-05,1.5895952614641828e-06
531,3.625973214694716e-15,1.4839624088844839e-05,2.2342864466971558e-05,3.3750779948604757e-15,1.424603489716958e-05,2.1449140303531065e-05
541,4.895063839837867e-15,1.5119099937012262e-05,7.291450120343039e-07,4.618527782440651e-15,1.451433155068571e-05,6.999792216078049e-07
551,5.801557143511546e-15,1.5398576161193107e-05,1.0094984604817353e-06,5.5067062021407766e-15,1.4782628562137745e-05,9.69118541505054e-07
561,6.1641544649810174e-15,1.5678052766826334e-05,1.7788769052824254e-05,5.861977570020826e-15,1.5050925936854754e-05,1.7077212214999804e-05
571,5.9828558042462816e-15,1.5957529747385193e-05,9.724874308364426e-06,5.684341886080802e-15,1.531922366844185e-05,9.33588115170636e-06
581,6.88934910791996e-15,1.6237007106314354e-05,2.2468233589358215e-06,6.394884621840902e-15,1.5587521760096477e-05,2.1569505214813487e-06
591,7.070647768654696e-15,1.6516484844339016e-05,9.994158939830745e-06,6.7501559897209515e-15,1.585582021288445e-05,9.59439066452461e-06
601,6.526751786450488e-15,1.6795962960552688e-05,1.8939312161718894e-05,6.217248937900877e-15,1.6124119025739958e-05,1.8181746562007108e-05
611,8.15843973306311e-15,1.707544145749354e-05,4.067985513176571e-06,7.815970093361103e-15,1.639241820097226e-05,3.905266410342279e-06
621,5.62025848277681e-15,1.735492032917873e-05,9.809855666248784e-07,5.329070518200751e-15,1.6660717733074647e-05,9.417461255267767e-07
631,7.614543750858903e-15,1.763439957977812e-05,2.609875511698074e-05,7.105427357601002e-15,1.6929017625955112e-05,2.505481798991127e-05
641,8.339738393797847e-15,1.791387920766002e-05,4.9544679403680256e-06,7.815970093361103e-15,1.7197317878014928e-05,4.7562896940078755e-06
651,8.521037054532582e-15,1.819335921536262e-05,7.124894667968343e-06,8.171241461241152e-15,1.746561849156336e-05,6.839899855748399e-06
661,6.88934910791996e-15,1.8472839600347727e-05,2.9284383923400686e-05,6.394884621840902e-15,1.7733919464468784e-05,2.811302503147317e-05
671,7.795842411593639e-15,1.8752320366422622e-05,3.7242029451987637e-06,7.460698725481052e-15,1.800222080010627e-05,3.5752350935780443e-06
681,7.251946429389432e-15,1.9031801508329638e-05,1.2676558757312798e-05,6.7501559897209515e-15,1.827052249350203e-05,1.2169499492387103e-05
691,6.526751786450488e-15,1.9311283032232934e-05,2.749170700300532e-05,6.217248937900877e-15,1.8538824550695664e-05,2.6392053233692537e-05
701,5.0763625005726024e-15,1.9590764933056147e-05,1.8718396698158714e-08,4.7961634663806766e-15,1.8807126966713383e-05,1.7969660959238355e-08
711,5.9828558042462816e-15,1.9870247209167587e-05,1.4923827300005119e-05,5.684341886080802e-15,1.90754297401341e-05,1.4326878484105521e-05
721,6.345453125715753e-15,2.0149729865462315e-05,2.093886136190167e-05,6.0396132539608514e-15,1.9343732875398702e-05,2.010131532514947e-05
731,7.433245090124167e-15,2.042921289777047e-05,5.6859033484218215e-06,7.105427357601002e-15,1.9612036368599207e-05,5.458466593744049e-06
741,9.246231697471526e-15,2.0708696309355422e-05,1.4148370173648582e-05,8.704148513061228e-15,1.9880340222933057e-05,1.358243920979163e-05
751,1.033402366187994e-14,2.098818010166756e-05,1.1029976046993786e-05,9.769962616701378e-15,2.0148644439998975e-05,1.0588779340814369e-05
761,7.795842411593639e-15,2.1267664272893898e-05,1.1826989756164112e-05,7.460698725481052e-15,2.0416949017487695e-05,1.1353907480327052e-05
771,7.070647768654696e-15,2.1547148821040156e-05,1.148475369440756e-05,6.7501559897209515e-15,2.0685253953978133e-05,1.102536607895388e-05
781,6.345453125715753e-15,2.1826633747194118e-05,1.7352054389320218e-08,6.0396132539608514e-15,2.0953559250358467e-05,1.6657972246036933e-08
791,8.702335715267318e-15,2.2106119052080983e-05,1.6541944216227645e-05,8.348877145181177e-15,2.122186490733924e-05,1.5880261193679245e-05
801,9.608829018940997e-15,2.238560473624465e-05,8.490719949286155e-06,9.059419880941277e-15,2.1490170925098083e-05,8.151092535335636e-06
811,9.06493303673679e-15,2.2665090800047708e-05,9.77142702939698e-06,8.704148513061228e-15,2.175847730470082e-05,9.38056811499166e-06
821,8.339738393797847e-15,2.2944577238776397e-05,1.8061569612844175e-05,7.993605777301127e-15,2.202678404117364e-05,1.733910056476162e-05
831,7.977141072328375e-15,2.3224064056600586e-05,6.6046139337256284e-06,7.460698725481052e-15,2.2295091138602174e-05,6.340430213924719e-06
841,8.521037054532582e-15,2.3503551253520274e-05,1.6236765526211525e-05,8.171241461241152e-15,2.2563398596808782e-05,1.5587289843388417e-05
851,1.0152725001145205e-14,2.3783038827903775e-05,1.531956177372434e-05,9.769962616701378e-15,2.2831706414550013e-05,1.4706774796735545e-05
861,1.250960759069677e-14,2.406252677920719e-05,6.660245308114966e-06,1.1901590823981678e-14,2.3100014591115326e-05,6.393836347307058e-06
871,1.4866490180248335e-14,2.434201510924351e-05,1.8365809251399234e-05,1.4210854715202004e-14,2.3368323127925805e-05,1.763117040507467e-05
881,1.3234802233635712e-14,2.462150381837533e-05,8.338236437552597e-06,1.2612133559741778e-14,2.3636632026047267e-05,8.004705645348053e-06
891,1.2328308929962035e-14,2.490099290460836e-05,8.610063840026097e-06,1.1723955140041652e-14,2.3904941282992807e-05,8.26566270983875e-06
901,1.2147010269227299e-14,2.5180482370662087e-05,1.6285891515768073e-05,1.1723955140041652e-14,2.417325090178224e-05,1.563445076282477e-05
911,1.377869821583992e-14,2.5459972213091833e-05,1.6964389034378978e-06,1.3145040611561854e-14,2.444156087868521e-05,1.6285814025351898e-06
921,1.287220491216624e-14,2.573946243443578e-05,1.1542366314702703e-05,1.2256862191861729e-14,2.4709871216543888e-05,1.108067421995429e-05
931,1.432259419804413e-14,2.601895303705081e-05,1.1182181923034658e-05,1.3677947663381929e-14,2.497818191731227e-05,1.0734892245345407e-05
941,1.3234802233635712e-14,2.6298444019667837e-05,1.2702403413330806e-05,1.2612133559741778e-14,2.5246492979746904e-05,1.2194310374624705e-05
951,1.1784412947757827e-14,2.657793537829828e-05,1.3987119480745176e-05,1.1191048088221578e-14,2.5514804400295078e-05,1.3427638457663705e-05
961,1.1059218304818884e-14,2.6857427115842928e-05,4.880984935696467e-06,1.0480505352461478e-14,2.5783116181621324e-05,4.685745080834636e-06
971,1.0152725001145205e-14,2.7136919229400998e-05,2.224005837337351e-05,9.592326932761353e-15,2.6051428320883473e-05,2.135046553490838e-05
981,1.1784412947757827e-14,2.741641172169197e-05,1.4415486058865074e-05,1.1368683772161604e-14,2.6319740820568427e-05,1.3838870606086574e-05
991,1.1784412947757827e-14,2.7695904594891427e-05,7.333855061244921e-07,1.1191048088221578e-14,2.6588053683163082e-05,7.040500960897589e-07
1001,1.1421815626288356e-14,2.7975397842653917e-05,2.8167308445387832e-05,1.0835776720341527e-14,2.6856366902272556e-05,2.7040631340291554e-05
1011,1.0152725001145205e-14,2.8254891468968012e-05,1.1777395925594836e-05,9.769962616701378e-15,2.712468048180483e-05,1.1306302751634689e-05
1021,9.06493303673679e-15,2.8534385474558907e-05,4.28765974373862e-06,8.704148513061228e-15,2.7392994422470453e-05,4.116153706767989e-06
1031,7.977141072328375e-15,2.8813879860876987e-05,2.9219758365782677e-05,7.460698725481052e-15,2.7661308725512868e-05,2.8050984423444448e-05
1041,7.251946429389432e-15,2.9093374621032906e-05,5.907983947405467e-06,6.927791673660977e-15,2.7929623384359557e-05,5.671665259576741e-06
1051,8.339738393797847e-15,2.93728697633664e-05,5.3022256047655305e-06,7.993605777301127e-15,2.8197938407359402e-05,5.090137120156157e-06
1061,8.883634376002054e-15,2.965236528570189e-05,2.534556991087275e-05,8.526512829121202e-15,2.8466253792025496e-05,2.4331759447981937e-05
1071,9.790127679675733e-15,2.99318611838695e-05,2.328311192973772e-06,9.414691248821327e-15,2.873456953444986e-05,2.235178641285529e-06
1081,1.1784412947757827e-14,3.0211357462401706e-05,4.2752972835799355e-06,1.1191048088221578e-14,2.9002885639073384e-05,4.10428574308952e-06
1091,1.5047788840983072e-14,3.049085411567824e-05,1.7696955767287703e-05,1.4388490399142028e-14,2.927120210038936e-05,1.698908354956785e-05
1101,1.3959996876574656e-14,3.0770351147506375e-05,1.12089197974871e-05,1.3322676295501878e-14,2.9539518922305773e-05,1.0760560593325863e-05
1111,1.1784412947757827e-14,3.1049848560243e-05,2.450262634001467e-06,1.1191048088221578e-14,2.980783610677662e-05,2.3522522438312874e-06
1121,1.0877919644084148e-14,3.132934635062473e-05,8.282570491321645e-06,1.0302869668521452e-14,3.0076153650782088e-05,7.951268988648508e-06
1131,9.790127679675733e-15,3.1608844520827164e-05,1.8597283887082606e-05,9.237055564881303e-15,3.034447155645381e-05,1.7853385891086758e-05
1141,9.427530358206262e-15,3.1888343070668984e-05,1.3458787961370246e-06,8.881784197001252e-15,3.061278982361415e-05,1.2920436789798373e-06
1151,8.15843973306311e-15,3.2167841996161635e-05,6.138517081195076e-07,7.815970093361103e-15,3.088110844835512e-05,5.892976325583277e-07
1161,8.15843973306311e-15,3.2447341300387186e-05,2.253402481469256e-05,7.815970093361103e-15,3.1149427433518893e-05,2.163265407268966e-05
1171,6.88934910791996e-15,3.2726840979900964e-05,2.2015606933616423e-06,6.394884621840902e-15,3.1417746776085666e-05,2.1134983587245413e-06
1181,5.9828558042462816e-15,3.300634103832895e-05,7.074128602320046e-06,5.684341886080802e-15,3.168606647925287e-05,6.79116249742151e-06
1191,4.713765179103131e-15,3.328584147820931e-05,2.180242711895559e-05,4.440892098500626e-15,3.195438654604033e-05,2.0930320907375232e-05
1201,3.807271875429452e-15,3.356534229464699e-05,5.515209638991205e-06,3.552713678800501e-15,3.222270697094132e-05,5.29460183731345e-06
1211,4.351167857633659e-15,3.384484349054277e-05,1.0054957033797582e-05,4.085620730620576e-15,3.249102775715329e-05,9.652756811462381e-06
1221,3.263375893225244e-15,3.4124345064446255e-05,1.630008270814149e-05,3.0198066269804257e-15,3.275934890343279e-05,1.5648074298546533e-05
1231,3.625973214694716e-15,3.440384701980212e-05,1.082150471628207e-05,3.3750779948604757e-15,3.302767041279964e-05,1.0388646776071652e-05
1241,4.532466518368395e-15,3.468334935334699e-05,9.61721571441312e-06,4.263256414560601e-15,3.329599228205637e-05,9.23252531013219e-06
1251,6.345453125715753e-15,3.49628520616362e-05,7.10356421063435e-06,6.0396132539608514e-15,3.3564314508538474e-05,6.819420673487286e-06
1261,7.070647768654696e-15,3.5242355151740386e-05,1.6783664493019686e-05,6.7501559897209515e-15,3.383263709810791e-05,1.611232332159318e-05
1271,6.526751786450488e-15,3.552185861894578e-05,6.813430190578352e-06,6.217248937900877e-15,3.41009600468567e-05,6.540892091599915e-06
1281,6.1641544649810174e-15,3.580136246071422e-05,3.7975488908022856e-06,5.861977570020826e-15,3.436928335229794e-05,3.645647212024983e-06
1291,4.532466518368395e-15,3.608086668647321e-05,2.1574469638855156e-05,4.263256414560601e-15,3.4637607023135784e-05,2.0711499789882737e-05
1301,5.0763625005726024e-15,3.636037128697654e-05,3.2767801886760223e-06,4.7961634663806766e-15,3.490593105084372e-05,3.145708775065259e-06
1311,5.9828558042462816e-15,3.6639876266575366e-05,1.4023630327672821e-05,5.684341886080802e-15,3.517425543950736e-05,1.346268889044211e-05
1321,6.1641544649810174e-15,3.691938162309411e-05,2.343256176191627e-05,5.684341886080802e-15,3.544258018681745e-05,2.2495269833555653e-05
1331,7.070647768654696e-15,3.719888735617017e-05,6.461146882656276e-07,6.7501559897209515e-15,3.571090529295162e-05,6.202700928881199e-07
1341,9.790127679675733e-15,3.7478393471967705e-05,2.143520420328469e-05,9.237055564881303e-15,3.5979230763416584e-05,2.057780485671401e-05
1351,1.0152725001145205e-14,3.7757899963234765e-05,2.1224996545747438e-05,9.592326932761353e-15,3.62475565911069e-05,2.0376005333311296e-05
1361,1.1059218304818884e-14,3.8037406833053427e-05,1.043145410605477e-08,1.0480505352461478e-14,3.6515882779397656e-05,1.001419587254304e-08
1371,1.3053503572900977e-14,3.8316914081423696e-05,2.4688719767450643e-05,1.2434497875801753e-14,3.678420932811122e-05,2.370118267940313e-05
1381,1.5047788840983072e-14,3.859642171269673e-05,1.4843333316036232e-05,1.4388490399142028e-14,3.705253624115556e-05,1.424960421356758e-05
1391,1.4503892858778863e-14,3.8875929718895407e-05,1.548243056623974e-06,1.3855583347321953e-14,3.732086351160291e-05,1.4863132884457286e-06
1401,1.1059218304818884e-14,3.9155438101288795e-05,2.355827994097132e-05,1.0480505352461478e-14,3.758919113980852e-05,2.2615959398919473e-05
1411,1.1059218304818884e-14,3.943494686404677e-05,5.309166516481654e-06,1.0480505352461478e-14,3.785751913021329e-05,5.096800397019763e-06
1421,1.0152725001145205e-14,3.971445600372467e-05,4.474891324462281e-06,9.592326932761353e-15,3.812584747961978e-05,4.2958952869653896e-06
1431,1.287220491216624e-14,3.999396552503625e-05,1.8933293564152774e-05,1.2256862191861729e-14,3.839417619229124e-05,1.817596870399285e-05
1441,1.4503892858778863e-14,4.0273475424899426e-05,5.448811710198321e-06,1.3855583347321953e-14,3.866250526520787e-05,5.230858671723126e-06
1451,1.6135580805391487e-14,4.055298569932564e-05,7.313615431177514e-06,1.5276668818842153e-14,3.893083469481695e-05,7.021069787072065e-06
1461,1.46851915195136e-14,4.083249635520424e-05,1.2498461666488753e-05,1.3855583347321953e-14,3.919916448786864e-05,1.1998526198908621e-05
1471,1.4141295537309392e-14,4.111200738981574e-05,1.5086331068697772e-05,1.3500311979441903e-14,3.9467494641165504e-05,1.448287345606758e-05
1481,1.4866490180248335e-14,4.139151880025936e-05,8.404163510336026e-06,1.4210854715202004e-14,3.9735825152398264e-05,8.067995613814105e-06
1491,1.46851915195136e-14,4.1671030590342374e-05,6.196910882972579e-06,1.3855583347321953e-14,4.000415602511964e-05,5.949035185004448e-06
1501,1.124051696555362e-14,4.195054275970219e-05,2.1463629111451106e-05,1.0658141036401503e-14,4.027248725897436e-05,2.060507510179832e-05
1511,9.971426340410469e-15,4.223005530852011e-05,6.4875279160197284e-06,9.592326932761353e-15,4.0540818853962435e-05,6.22802599146155e-06
1521,8.521037054532582e-15,4.2509568236796113e-05,1.6412071165544807e-06,8.171241461241152e-15,4.0809150810261484e-05,1.5755588835375534e-06
1531,1.033402366187994e-14,4.278908154144815e-05,2.3215523255091254e-05,9.947598300641402e-15,4.107748312502935e-05,2.2286891976719404e-05
1541,9.427530358206262e-15,4.3068595222294896e-05,1.1802730401742575e-06,9.059419880941277e-15,4.134581579791074e-05,1.1330620917959776e-06
1551,7.614543750858903e-15,4.3348109280968056e-05,3.489865306513886e-07,7.283063041541026e-15,4.161414883032677e-05,3.350270670665623e-07
1561,7.795842411593639e-15,4.362762372145619e-05,2.0107299486726646e-05,7.283063041541026e-15,4.188248222654067e-05,1.9302999744574834e-05
1571,6.345453125715753e-15,4.390713853505697e-05,6.815239086725315e-06,6.0396132539608514e-15,4.2150815977670673e-05,6.542630415040662e-06
1581,5.801557143511546e-15,4.418665372956624e-05,5.589285419576887e-08,5.5067062021407766e-15,4.241915009171038e-05,5.3657140064444775e-08
1591,6.88934910791996e-15,4.44661693044401e-05,1.3075209228175959e-05,6.572520305780927e-15,4.268748456759397e-05,1.2552197576631841e-05
1601,7.614543750858903e-15,4.474568525732167e-05,1.5837676721599165e-05,7.283063041541026e-15,4.295581940372273e-05,1.5204174468586017e-05
1611,7.433245090124167e-15,4.502520159074913e-05,1.8193001673191707e-06,7.105427357601002e-15,4.322415460205065e-05,1.746528224089161e-06
1621,7.433245090124167e-15,4.53047183010965e-05,3.9429779180866895e-06,7.105427357601002e-15,4.3492490159202644e-05,3.785258502908562e-06
1631,7.977141072328375e-15,4.5584235390720665e-05,2.3699768880788713e-05,7.460698725481052e-15,4.376082607731036e-05,2.2751788909403102e-05
1641,8.521037054532582e-15,4.586375285889644e-05,3.4402446127407504e-06,8.171241461241152e-15,4.40291623560185e-05,3.3026350553910787e-06
1651,7.795842411593639e-15,4.614327070362953e-05,5.099674108268006e-06,7.283063041541026e-15,4.4297498993195464e-05,4.895687643191593e-06
1661,6.345453125715753e-15,4.6422788930721496e-05,2.830179507488466e-05,6.0396132539608514e-15,4.456583599434794e-05,2.7169738650378862e-05
1671,6.708050447185224e-15,4.670230753418949e-05,3.5029016860656827e-06,6.394884621840902e-15,4.4834173353791586e-05,3.362785854044148e-06
1681,9.246231697471526e-15,4.698182651657167e-05,1.2102027945953511e-05,8.881784197001252e-15,4.5102511074190946e-05,1.1617949640019276e-05
1691,1.1784412947757827e-14,4.726134587750546e-05,2.8243003368778e-05,1.1191048088221578e-14,4.537084915483547e-05,2.711329854871991e-05
1701,1.1784412947757827e-14,4.7540865616265667e-05,1.1981623073332513e-06,1.1191048088221578e-14,4.563918759501462e-05,1.1502358425730108e-06
1711,1.3416100894370448e-14,4.782038573248968e-05,1.586420961833539e-05,1.2789769243681804e-14,4.590752639490603e-05,1.5229646065506585e-05
1721,1.250960759069677e-14,4.809990622907828e-05,2.3247161668965686e-05,1.1901590823981678e-14,4.6175865556818965e-05,2.231728557813284e-05
1731,1.377869821583992e-14,4.83794271022242e-05,3.350842460879792e-06,1.3145040611561854e-14,4.644420507720071e-05,3.216808546824268e-06
1741,1.1784412947757827e-14,4.865894835428432e-05,1.620951182298514e-05,1.1191048088221578e-14,4.6712544958360525e-05,1.556113639473722e-05
1751,1.6135580805391487e-14,4.893846998543994e-05,1.427306270248688e-05,1.5276668818842153e-14,4.698088520047605e-05,1.3702144105742776e-05
1761,1.758597009126937e-14,4.9217991993334176e-05,9.066976243635484e-06,1.6697754290362355e-14,4.7249225801238026e-05,8.704295615480362e-06
1771,1.9036359377147257e-14,4.9497514381955606e-05,1.3944203634959683e-05,1.829647544582258e-14,4.7517566764376797e-05,1.3386439222706769e-05
1781,1.9580255359351466e-14,4.977703714695305e-05,3.2745938366945497e-06,1.8829382497642654e-14,4.7785908085984376e-05,3.143610289058074e-06
1791,2.030545000229041e-14,5.005656029231508e-05,1.4214618786133576e-05,1.9539925233402755e-14,4.805424976961348e-05,1.3646030155278766e-05
1801,2.0124151341555672e-14,5.033608381314664e-05,1.052613351474278e-05,1.9184653865522706e-14,4.832259181100085e-05,1.0105090301415487e-05
1811,1.9942852680820938e-14,5.061560771271111e-05,7.320599936519209e-06,1.900701818158268e-14,4.859093421263339e-05,7.027774910106644e-06
1821,2.0849345984494616e-14,5.089513199191497e-05,1.6926574145707777e-05,1.9895196601282804e-14,4.8859276975932174e-05,1.6249505678977983e-05
1831,2.2299735270372502e-14,5.1174656648763937e-05,7.550389595684515e-06,2.1316282072803006e-14,4.9127620098587955e-05,7.2483751063501245e-06
1841,2.0486748663025144e-14,5.1454181681263735e-05,1.526142624349217e-05,1.9539925233402755e-14,4.939596357882437e-05,1.465096472195171e-05
1851,2.193713794890303e-14,5.1733707097754095e-05,1.5802436176371716e-05,2.0961010704922957e-14,4.966430742499028e-05,1.5170333934655388e-05
1861,2.2662332591841974e-14,5.201323289043917e-05,6.213943882902375e-06,2.1671553440683054e-14,4.9932651629092105e-05,5.965386868922451e-06
1871,1.97615540200862e-14,5.229275906240105e-05,1.906291060517237e-05,1.8829382497642654e-14,5.020099619432727e-05,1.8300387203851187e-05
1881,1.939895669861673e-14,5.257228561454622e-05,1.039296625415959e-05,1.8474111129762605e-14,5.046934112158396e-05,9.977245530201628e-06
1891,2.0124151341555672e-14,5.285181254252351e-05,6.92561809101237e-06,1.9184653865522706e-14,5.0737686406598924e-05,6.648594288272136e-06
1901,2.193713794890303e-14,5.31313398501402e-05,1.836512746581983e-05,2.0961010704922957e-14,5.10060320531025e-05,1.7630515891475795e-05
1911,2.1030644645229353e-14,5.341086753141343e-05,1.416466419679255e-06,2.0250467969162856e-14,5.127437805523272e-05,1.359807724377049e-06
1921,2.1030644645229353e-14,5.369039559540813e-05,9.181677417421986e-06,2.0250467969162856e-14,5.154272442169372e-05,8.814411939184198e-06
1931,2.2118436609637768e-14,5.3969924035597554e-05,1.3962159032618166e-05,2.113864638886298e-14,5.1811071146623534e-05,1.3403668928546608e-05
1941,2.1393241966698825e-14,5.424945285742065e-05,9.367523353149699e-06,2.042810365310288e-14,5.207941823464069e-05,8.992824103692954e-06
1951,2.030545000229041e-14,5.4528982058157956e-05,1.1744855636093619e-05,1.9539925233402755e-14,5.234776568343591e-05,1.1275064059113048e-05
1961,1.7767268752004108e-14,5.480851163672167e-05,7.501274824526495e-06,1.687538997430238e-14,5.261611349212103e-05,7.2012227512630035e-06
1971,1.9036359377147257e-14,5.5088041592024e-05,1.9598510757705425e-05,1.8118839761882553e-14,5.288446165927496e-05,1.881457770185335e-05
1981,1.7404671430534636e-14,5.536757192660313e-05,1.3070619141317236e-05,1.652011860642233e-14,5.315281018756224e-05,1.2547797655670934e-05
1991,1.7042074109065165e-14,5.564710263991516e-05,9.506777193945615e-07,1.6342482922482303e-14,5.342115907644995e-05,9.126505933210183e-07
2001,1.6679476787595693e-14,5.592663373377308e-05,2.6944764234622022e-05,1.5987211554602254e-14,5.368950832771446e-05,2.586698760431716e-05
2011,1.649817812686096e-14,5.620616520926468e-05,1.1847472938319883e-05,1.580957587066223e-14,5.3957857942243946e-05,1.1373576715634215e-05
2021,1.9942852680820938e-14,5.648569705895672e-05,3.99870677332123e-06,1.900701818158268e-14,5.422620791328825e-05,3.838758809315834e-06
2031,2.2299735270372502e-14,5.6765229288650745e-05,2.9738995784248437e-05,2.1316282072803006e-14,5.449455824582117e-05,2.8549452932935536e-05
2041,2.3568825895515655e-14,5.7044761892182615e-05,7.481508770492351e-06,2.255973186038318e-14,5.4762908934335995e-05,7.182249494341875e-06
2051,2.193713794890303e-14,5.732429487807336e-05,6.415715478248682e-06,2.0961010704922957e-14,5.503125998682634e-05,6.159087649315609e-06
2061,2.4475319199189332e-14,5.76038282428783e-05,2.7432890858564388e-05,2.3447910280083305e-14,5.52996114002724e-05,2.6335589673109892e-05
2071,2.2118436609637768e-14,5.7883361986053546e-05,3.7046327098537937e-07,2.113864638886298e-14,5.5567963173785986e-05,3.556447428110232e-07
2081,2.3387527234780917e-14,5.8162896104335724e-05,6.352978350143219e-06,2.2382096176443155e-14,5.583631530452493e-05,6.098859991077177e-06
2091,2.066804732375988e-14,5.844243060316379e-05,2.073636308073094e-05,1.9895196601282804e-14,5.6104667797640675e-05,1.9906916813283714e-05
2101,1.9036359377147257e-14,5.872196547818658e-05,8.124973270651195e-06,1.8118839761882553e-14,5.637302064869232e-05,7.799973072408762e-06
2111,1.849246339494305e-14,5.900150073321136e-05,4.7513778425343844e-06,1.758593271006248e-14,5.664137386158785e-05,4.561323162199926e-06
2121,1.7042074109065165e-14,5.928103636769424e-05,1.1401166819284965e-05,1.616484723854228e-14,5.690972743579437e-05,1.0945122642169736e-05
2131,1.6679476787595693e-14,5.9560572380728716e-05,1.6013541119234965e-05,1.580957587066223e-14,5.7178081370423685e-05,1.5372994550943985e-05
2141,1.72233727697999e-14,5.984010877140831e-05,3.0628453762293096e-06,1.6342482922482303e-14,5.744643566458762e-05,2.940331741108082e-06
2151,1.5591684823187278e-14,6.011964553900782e-05,1.714596743713424e-06,1.4921397450962105e-14,5.771479031757565e-05,1.6460129304007864e-06
2161,1.595428214465675e-14,6.039918268660932e-05,2.1217625295190457e-05,1.5276668818842153e-14,5.798314533240756e-05,2.0368911639678798e-05
2171,1.595428214465675e-14,6.067872021076814e-05,2.7156217981060735e-06,1.5276668818842153e-14,5.825150070570828e-05,2.6069970678221923e-06
2181,1.5047788840983072e-14,6.095825811601674e-05,6.144824555333445e-06,1.4210854715202004e-14,5.851985644174107e-05,5.899030848333098e-06
2191,1.46851915195136e-14,6.123779640017954e-05,2.2171162071983772e-05,1.3855583347321953e-14,5.878821253872957e-05,2.1284306150981534e-05
2201,1.4866490180248335e-14,6.151733506162486e-05,4.593467859918328e-06,1.4210854715202004e-14,5.905656899471978e-05,4.409729550403085e-06
2211,1.377869821583992e-14,6.179687410379736e-05,1.0697769142691483e-05,1.3145040611561854e-14,5.932492581344207e-05,1.0269856179867532e-05
2221,1.3416100894370448e-14,6.207641352270849e-05,1.8293663988810185e-05,1.2789769243681804e-14,5.9593282990633155e-05,1.7561911003838305e-05
2231,1.0515322322614677e-14,6.23559533219842e-05,8.694727792543549e-06,9.947598300641402e-15,5.9861640530023405e-05,8.346940132142323e-06
2241,1.033402366187994e-14,6.263549349781722e-05,1.1527074028482137e-05,9.769962616701378e-15,6.0129998428060104e-05,1.1065988516278935e-05
2251,1.1784412947757827e-14,6.291503405256446e-05,1.019659748907562e-05,1.1368683772161604e-14,6.039835668651961e-05,9.788731593296518e-06
2261,1.250960759069677e-14,6.319457498658848e-05,1.4080685185176394e-05,1.2079226507921703e-14,6.066671530629009e-05,1.3517461584200418e-05
2271,1.3234802233635712e-14,6.347411629644464e-05,9.310655411483265e-06,1.2612133559741778e-14,6.0935074283996474e-05,8.938227530741472e-06
2281,1.1059218304818884e-14,6.375365798376461e-05,4.4419093801829975e-07,1.0658141036401503e-14,6.12034336208822e-05,4.2642330431164057e-07
2291,9.427530358206262e-15,6.403320005561903e-05,1.9132784567929862e-05,8.881784197001252e-15,6.147179332387509e-05,1.836748021339929e-05
2301,9.246231697471526e-15,6.431274250258038e-05,5.523455315832541e-06,8.704148513061228e-15,6.174015338391569e-05,5.302516517424749e-06
2311,1.1421815626288356e-14,6.459228532700555e-05,1.1318068641954328e-05,1.0835776720341527e-14,6.200851380349093e-05,1.0865348355793003e-05
2321,1.1784412947757827e-14,6.487182852780673e-05,2.2042543593710623e-05,1.1191048088221578e-14,6.227687458135734e-05,2.1160851178514405e-05
2331,1.124051696555362e-14,6.51513721095164e-05,1.9086017020493946e-06,1.0658141036401503e-14,6.254523572195581e-05,1.8322575641604999e-06
2341,1.2147010269227299e-14,6.543091607032157e-05,2.0089668512324925e-05,1.1546319456101628e-14,6.281359722333235e-05,1.928608952059818e-05
2351,1.3959996876574656e-14,6.571046041094744e-05,2.1385486376397185e-05,1.3322676295501878e-14,6.308195908637515e-05,2.053007570204102e-05
2361,1.4503892858778863e-14,6.599000512758672e-05,1.1259837981957987e-07,1.3855583347321953e-14,6.335032130735385e-05,1.0809444468407037e-07
2371,1.4141295537309392e-14,6.626955022386541e-05,2.501383328985743e-05,1.3500311979441903e-14,6.361868388982117e-05,2.401329197105895e-05
2381,1.631687946612622e-14,6.654909569905829e-05,1.6603120380812747e-05,1.5631940186722205e-14,6.388704683306657e-05,1.593900085801181e-05
2391,1.631687946612622e-14,6.68286415504459e-05,9.437645645033965e-08,1.5631940186722205e-14,6.415541013460313e-05,9.060139820604718e-08
2401,1.6135580805391487e-14,6.71081877805664e-05,2.5377973814830455e-05,1.5454304502782178e-14,6.442377379638487e-05,2.4362867227445405e-05
2411,1.4503892858778863e-14,6.738773439177669e-05,8.243009009244343e-06,1.3855583347321953e-14,6.469213782125393e-05,7.913289953265235e-06
2421,1.5772983483922016e-14,6.76672813795443e-05,2.182479815917053e-06,1.509903313490213e-14,6.496050220459182e-05,2.0951805320024166e-06
2431,1.758597009126937e-14,6.794682874513833e-05,2.1645394081406183e-05,1.6697754290362355e-14,6.522886694764196e-05,2.077958731359075e-05
2441,1.686077544833043e-14,6.822637649236602e-05,2.121575696317835e-06,1.616484723854228e-14,6.549723205395708e-05,2.0367125822318143e-06
2451,1.9036359377147257e-14,6.850592461560715e-05,4.9578697212905435e-06,1.8118839761882553e-14,6.576559751838573e-05,4.759554460598281e-06
2461,1.939895669861673e-14,6.878547311975675e-05,1.526201571868288e-05,1.865174681370263e-14,6.603396334536882e-05,1.4651539562038352e-05
2471,2.0486748663025144e-14,6.906502199973849e-05,1.2275606290941834e-05,1.9539925233402755e-14,6.630232953028781e-05,1.1784579146123519e-05
2481,2.248103393110724e-14,6.934457125935962e-05,6.799795746993093e-06,2.149391775674303e-14,6.657069607634014e-05,6.527803029499069e-06
2491,2.4294020538454598e-14,6.962412089898273e-05,8.189073596621523e-06,2.3092638912203256e-14,6.683906298459164e-05,7.861511940276956e-06
2501,2.375012455625039e-14,6.990367091752005e-05,1.9942375287544374e-05,2.2737367544323207e-14,6.710743025326594e-05,1.914467264008124e-05
2511,2.5200513842128276e-14,7.01832213122521e-05,6.2314245036052675e-06,2.4158453015843406e-14,6.73757978802314e-05,5.982166777940279e-06
2521,2.501921518139354e-14,7.046277208517314e-05,2.3056010555510675e-06,2.3803181647963357e-14,6.764416586744205e-05,2.213377115189985e-06
2531,2.3931423216985126e-14,7.074232323900268e-05,2.339327443187789e-05,2.2915003228263232e-14,6.791253421702947e-05,2.2457532947228743e-05
2541,2.1755839288168296e-14,7.102187476920824e-05,2.4594725785906934e-06,2.078337502098293e-14,6.818090292508572e-05,2.3610935592444094e-06
2551,2.0849345984494616e-14,7.13014266768776e-05,1.1377525688764068e-06,1.9895196601282804e-14,6.844927199232132e-05,1.0922424413806198e-06
2561,1.97615540200862e-14,7.158097896364247e-05,2.191122071395477e-05,1.8829382497642654e-14,6.871764142069026e-05,2.1034762667326844e-05
2571,2.066804732375988e-14,7.186053163131581e-05,4.2908525431452985e-06,1.971756091734278e-14,6.898601121161363e-05,4.119218794862433e-06
2581,2.501921518139354e-14,7.214008467609038e-05,1.8494095061133826e-06,2.398081733190338e-14,6.9254381361894e-05,1.7754330603025892e-06
2591,2.3568825895515655e-14,7.241963810032305e-05,1.5974169980083387e-05,2.255973186038318e-14,6.952275187295242e-05,1.533519828154084e-05
2601,2.4294020538454598e-14,7.269919190383251e-05,1.275654056440667e-05,2.3092638912203256e-14,6.979112274532184e-05,1.2246282066108449e-05
2611,2.4837916520658804e-14,7.297874608516838e-05,5.152429120301424e-07,2.3803181647963357e-14,7.005949397758116e-05,4.94633190406546e-07
2621,2.411272187771986e-14,7.325830064433066e-05,7.10709322586918e-06,2.3092638912203256e-14,7.032786556919746e-05,6.822808527218171e-06
2631,2.3931423216985126e-14,7.353785558077545e-05,2.094682502106169e-05,2.2915003228263232e-14,7.059623752034839e-05,2.010896044435384e-05
2641,2.1755839288168296e-14,7.381741089631574e-05,1.4953014864556739e-06,2.078337502098293e-14,7.086460983209974e-05,1.4354894698698218e-06
2651,2.2299735270372502e-14,7.409696659258323e-05,2.5522766121762256e-06,2.1316282072803006e-14,7.113298250658318e-05,2.4501856726644177e-06
2661,2.3387527234780917e-14,7.437652266685841e-05,2.669441941573835e-05,2.2382096176443155e-14,7.14013555409565e-05,2.5626656320554275e-05
2671,2.3024929913311446e-14,7.465607911769091e-05,2.638542998107095e-06,2.2026824808563106e-14,7.1669728933621e-05,2.5330014118196686e-06
2681,2.2662332591841974e-14,7.493563594798152e-05,1.084552187418533e-05,2.1671553440683054e-14,7.193810268759648e-05,1.041170325759566e-05
2691,2.1030644645229353e-14,7.521519315773023e-05,2.8284529234353968e-05,2.0250467969162856e-14,7.220647680306058e-05,2.715316342474239e-05
2701,2.1755839288168296e-14,7.549475074312975e-05,1.7576832131132092e-06,2.078337502098293e-14,7.247485127592768e-05,1.6873759436819568e-06
2711,2.0124151341555672e-14,7.577430871161334e-05,1.6170369298906572e-05,1.9184653865522706e-14,7.274322611365847e-05,1.5523559547148125e-05
2721,1.758597009126937e-14,7.605386705611035e-05,2.4972700583843367e-05,1.6697754290362355e-14,7.301160130932516e-05,2.3973804533916622e-05
2731,1.758597009126937e-14,7.633342577934028e-05,1.4842863931628006e-06,1.6697754290362355e-14,7.327997686559228e-05,1.4249148952316659e-06
2741,1.9942852680820938e-14,7.661298488021531e-05,1.7876002712616108e-05,1.9184653865522706e-14,7.354835278139404e-05,1.7160968739204917e-05
2751,2.0124151341555672e-14,7.689254436091102e-05,1.7234508048331857e-05,1.9184653865522706e-14,7.381672905886205e-05,1.6545133429168855e-05
2761,1.5410386162452544e-14,7.717210422052095e-05,6.440367532277419e-06,1.4566126083082053e-14,7.408510569710814e-05,6.182752034611383e-06
2771,1.3597399555105184e-14,7.7451664455963e-05,1.6366528796748013e-05,1.2967404927621828e-14,7.435348269293484e-05,1.5711872787704806e-05
2781,1.432259419804413e-14,7.773122507122574e-05,6.669665212870203e-06,1.3677947663381929e-14,7.462186005078309e-05,6.4028794582782215e-06
2791,1.5229087501717807e-14,7.801078606685308e-05,1.1641079026833233e-05,1.4566126083082053e-14,7.489023777047521e-05,1.1175433263943545e-05
2801,1.5410386162452544e-14,7.829034743921903e-05,1.2890421310640094e-05,1.474376176702208e-14,7.515861584881379e-05,1.2374807648463105e-05
2811,1.6679476787595693e-14,7.856990919140567e-05,4.413900077259181e-06,1.580957587066223e-14,7.542699428899624e-05,4.237343700275175e-06
2821,1.5229087501717807e-14,7.884947132014963e-05,1.5236890159146058e-05,1.4566126083082053e-14,7.569537308746988e-05,1.4627410095258142e-05
2831,1.0877919644084148e-14,7.912903383107117e-05,9.087722981467352e-06,1.0302869668521452e-14,7.596375224991903e-05,8.724215647681888e-06
2841,1.0152725001145205e-14,7.940859671873133e-05,1.3615342975448946e-05,9.769962616701378e-15,7.623213177083698e-05,1.3070725697161833e-05
2851,9.246231697471526e-15,7.96881599838553e-05,1.558773017199885e-05,8.704148513061228e-15,7.650051165146721e-05,1.4964216299873101e-05
2861,7.977141072328375e-15,7.996772362734957e-05,6.438463372567874e-06,7.638334409421077e-15,7.676889189216496e-05,6.18092563353656e-06
2871,1.033402366187994e-14,8.024728765120844e-05,1.907629740639018e-05,9.769962616701378e-15,7.703727249488423e-05,1.8313238523148812e-05
2881,1.033402366187994e-14,8.052685205198721e-05,1.1817247658669533e-05,9.769962616701378e-15,7.730565345660523e-05,1.1344555071168826e-05
2891,8.15843973306311e-15,8.080641683439968e-05,5.783766315723774e-06,7.815970093361103e-15,7.75740347815912e-05,5.552416305398822e-06
2901,1.0877919644084148e-14,8.108598199191907e-05,1.9952455753063504e-05,1.0302869668521452e-14,7.784241646362489e-05,1.9154349879357823e-05
2911,1.2328308929962035e-14,8.136554752817135e-05,4.156908629195099e-06,1.1723955140041652e-14,7.811079850643665e-05,3.990631952355272e-06
2921,1.432259419804413e-14,8.164511344261265e-05,7.0671413559239e-06,1.3677947663381929e-14,7.837918090913831e-05,6.784456660646754e-06
2931,1.5410386162452544e-14,8.192467973905023e-05,1.6587787431115567e-05,1.4566126083082053e-14,7.864756367563786e-05,1.5924270650913287e-05
2941,1.7948567412738842e-14,8.220424641295161e-05,6.033356367070865e-06,1.7230661342182428e-14,7.891594680149438e-05,5.792022811235143e-06
2951,1.7042074109065165e-14,8.24838134661298e-05,9.374758320234315e-06,1.6342482922482303e-14,7.918433028848426e-05,8.999769674744584e-06
2961,1.5772983483922016e-14,8.2763380895684e-05,1.0347618490438737e-05,1.4921397450962105e-14,7.945271413376532e-05,9.933711695175874e-06
2971,1.4866490180248335e-14,8.304294870342721e-05,1.658387803352325e-05,1.4210854715202004e-14,7.972109833911389e-05,1.5920528192481242e-05
2981,1.287220491216624e-14,8.332251689099112e-05,1.1260866401511782e-05,1.2256862191861729e-14,7.998948290595109e-05,1.08104341800086e-05
2991,1.287220491216624e-14,8.360208545819443e-05,3.168548040457199e-06,1.2256862191861729e-14,8.025786783445454e-05,3.041805926251584e-06
3001,1.3416100894370448e-14,8.388165440213634e-05,2.5085814967933986e-05,1.2789769243681804e-14,8.052625312160444e-05,2.4082394451241385e-05
3011,1.5229087501717807e-14,8.416122372444856e-05,1.125600332256297e-05,1.4566126083082053e-14,8.079463876882187e-05,1.080576562220159e-05
3021,1.649817812686096e-14,8.444079342494979e-05,3.0338582844847842e-06,1.5631940186722205e-14,8.106302477628446e-05,2.9125041297817234e-06
3031,1.432259419804413e-14,8.47203635061782e-05,2.9548241412816863e-05,1.3677947663381929e-14,8.133141114594623e-05,2.8366328519169316e-05
3041,1.287220491216624e-14,8.499993396432655e-05,8.3981508562839e-06,1.2256862191861729e-14,8.159979787478733e-05,8.06222617608654e-06
3051,1.4866490180248335e-14,8.527950480265816e-05,6.91924351860226e-06,1.4210854715202004e-14,8.186818496547232e-05,6.642474696860745e-06
3061,1.5410386162452544e-14,8.555907602117308e-05,2.8948346506366333e-05,1.4566126083082053e-14,8.213657241800121e-05,2.7790428735308127e-05
3071,1.5229087501717807e-14,8.58386476193274e-05,2.6181415127538244e-06,1.4566126083082053e-14,8.240496023219635e-05,2.513415983784739e-06
3081,1.4141295537309392e-14,8.611821959331383e-05,8.073589426009171e-06,1.3500311979441903e-14,8.267334840397211e-05,7.750647100301934e-06
3091,1.46851915195136e-14,8.639779194621446e-05,2.3511804332242035e-05,1.403321903126198e-14,8.294173693670359e-05,2.257134277243722e-05
3101,1.6135580805391487e-14,8.667736467676021e-05,5.1466169684267756e-06,1.5276668818842153e-14,8.321012582879206e-05,4.940751781212782e-06
3111,1.7404671430534636e-14,8.695693778893964e-05,7.057297487513911e-06,1.6697754290362355e-14,8.347851508450077e-05,6.775006544224027e-06
3121,1.6679476787595693e-14,8.723651127658859e-05,1.4640336399912652e-05,1.580957587066223e-14,8.374690469743484e-05,1.4054727059154004e-05
3131,1.287220491216624e-14,8.751608514278915e-05,1.3154252308877265e-05,1.2256862191861729e-14,8.401529467079172e-05,1.2628078894216799e-05
3141,1.1965711608492563e-14,8.779565938717871e-05,5.144377840586462e-06,1.1368683772161604e-14,8.428368500403848e-05,4.938603234982963e-06
3151,1.3416100894370448e-14,8.807523401265806e-05,4.508716698393895e-06,1.2789769243681804e-14,8.455207570055024e-05,4.328368420658535e-06
3161,1.4866490180248335e-14,8.835480901687032e-05,1.9324188121458783e-05,1.4210854715202004e-14,8.482046675730714e-05,1.8551213426931668e-05
3171,1.4141295537309392e-14,8.863438439854638e-05,3.841525536082382e-06,1.3500311979441903e-14,8.508885817359868e-05,3.687864797896623e-06
3181,1.432259419804413e-14,8.891396015913664e-05,4.548029911354276e-06,1.3677947663381929e-14,8.535724995066829e-05,4.3661083179102885e-06
3191,1.4141295537309392e-14,8.919353629809721e-05,2.1832528628367138e-05,1.3500311979441903e-14,8.562564208780543e-05,2.0959218331384476e-05
3201,1.4866490180248335e-14,8.947311281542808e-05,4.342327079178978e-06,1.4210854715202004e-14,8.589403458536538e-05,4.1686343578817285e-06
3211,1.5772983483922016e-14,8.975268971040407e-05,1.0674690376684761e-05,1.4921397450962105e-14,8.616242744228231e-05,1.024770057380664e-05
3221,2.030545000229041e-14,9.003226698229996e-05,1.9660676393996936e-05,1.936228954946273e-14,8.643082065820095e-05,1.8874241916577715e-05
3231,1.8673762055677786e-14,9.031184463383525e-05,7.090264593585606e-06,1.7763568394002505e-14,8.669921423525296e-05,6.8066549749445924e-06
3241,1.849246339494305e-14,9.059142266791072e-05,1.2974337037601839e-05,1.758593271006248e-14,8.696760817699101e-05,1.2455360324103993e-05
3251,1.8673762055677786e-14,9.087100107419235e-05,1.2931227020044206e-05,1.794120407794253e-14,8.723600247275697e-05,1.2413974728708866e-05
3261,1.9036359377147257e-14,9.115057986301414e-05,1.1589343880138902e-05,1.829647544582258e-14,8.75043971326761e-05,1.1125772703657333e-05
3271,1.9217658037881995e-14,9.143015903147532e-05,1.1687335010908803e-05,1.829647544582258e-14,8.777279215426148e-05,1.1219838988019148e-05
3281,1.9942852680820938e-14,9.170973857740033e-05,2.9259222642407442e-06,1.900701818158268e-14,8.804118753520384e-05,2.808885209404366e-06
3291,1.939895669861673e-14,9.198931850350862e-05,1.652397765601062e-05,1.865174681370263e-14,8.830958327816773e-05,1.586302379212867e-05
3301,1.8855060716412523e-14,9.226889880834981e-05,8.02547137306503e-06,1.8118839761882553e-14,8.857797938155443e-05,7.704451281576042e-06
3311,1.649817812686096e-14,9.254847949065482e-05,8.226288337049861e-06,1.580957587066223e-14,8.884637584412047e-05,7.897238102749782e-06
3321,1.758597009126937e-14,9.282806055042364e-05,2.015387479158947e-05,1.6697754290362355e-14,8.911477266639877e-05,1.9347727598351126e-05
3331,1.5229087501717807e-14,9.310764198946925e-05,3.7212376172331386e-06,1.4566126083082053e-14,8.938316984963279e-05,3.572387846872971e-06
3341,1.5229087501717807e-14,9.338722380851686e-05,1.81050668761827e-05,1.4566126083082053e-14,8.96515673947107e-05,1.7380870494676514e-05
3351,1.6679476787595693e-14,9.366680600394049e-05,2.0864321711831724e-05,1.5987211554602254e-14,8.991996529807977e-05,2.0029757201278642e-05
3361,1.812986607347358e-14,9.394638857972871e-05,4.383149322114454e-07,1.7408297026122456e-14,9.018836356347037e-05,4.207823312896153e-07
3371,1.6135580805391487e-14,9.422597153370594e-05,2.4639252542268624e-05,1.5454304502782178e-14,9.045676218910614e-05,2.3653694096381626e-05
3381,1.649817812686096e-14,9.450555486623476e-05,1.770325401332424e-05,1.580957587066223e-14,9.072516117516471e-05,1.6995129869989968e-05
3391,1.7042074109065165e-14,9.47851385780404e-05,7.703730075366593e-07,1.6342482922482303e-14,9.099356052217899e-05,7.39558098494797e-07
3401,1.5772983483922016e-14,9.506472266948542e-05,2.664700762242372e-05,1.509903313490213e-14,9.126196023085953e-05,2.5581140950237113e-05
3411,1.72233727697999e-14,9.534430713748775e-05,1.0738656116863385e-05,1.652011860642233e-14,9.153036029783124e-05,1.0309112086126504e-05
3421,1.812986607347358e-14,9.562389198585469e-05,2.1187660652851662e-07,1.7230661342182428e-14,9.179876072700211e-05,2.034015414764667e-07
3431,1.8311164734208314e-14,9.590347721114153e-05,2.411959921289073e-05,1.7408297026122456e-14,9.206716151499705e-05,2.3154826413573915e-05
3441,2.1755839288168296e-14,9.618306281407349e-05,1.1223887171851011e-06,2.078337502098293e-14,9.233556266252663e-05,1.0774931926249565e-06
3451,2.3387527234780917e-14,9.646264879737004e-05,2.556043838078277e-06,2.2382096176443155e-14,9.260396417207773e-05,2.4538019593123296e-06
3461,2.2299735270372502e-14,9.674223516048728e-05,1.8168851416508358e-05,2.1316282072803006e-14,9.287236604347271e-05,1.7442103697717927e-05
3471,2.1755839288168296e-14,9.702182190016184e-05,9.16629018962526e-06,2.078337502098293e-14,9.31407682733365e-05,8.799636968959135e-06
3481,2.3024929913311446e-14,9.730140901730021e-05,4.793602760392908e-06,2.2026824808563106e-14,9.340917086237965e-05,4.601858208985732e-06
3491,2.501921518139354e-14,9.758099651697876e-05,1.0658359614998885e-05,2.398081733190338e-14,9.367757381575358e-05,1.0232027411305467e-05
3501,2.3568825895515655e-14,9.78605843957528e-05,1.7828583285540073e-05,2.255973186038318e-14,9.394597713026087e-05,1.7115433851166982e-05
3511,2.3024929913311446e-14,9.814017264908988e-05,5.33910249495829e-06,2.2026824808563106e-14,9.421438080110533e-05,5.125537847838757e-06
3521,2.157454062743356e-14,9.841976128188506e-05,3.6325882139668763e-06,2.0605739337042905e-14,9.448278483326078e-05,3.487284938685775e-06
3531,2.066804732375988e-14,9.869935029431963e-05,2.2860890345171245e-05,1.971756091734278e-14,9.475118922690484e-05,2.1946444696929745e-05
3541,2.1030644645229353e-14,9.89789396854871e-05,3.0618188195192526e-06,2.007283228522283e-14,9.501959398114935e-05,2.9393458868653964e-06
3551,1.9942852680820938e-14,9.925852945448098e-05,1.2824938170289807e-06,1.900701818158268e-14,9.52879990951061e-05,1.2311940327691672e-06
3561,2.0486748663025144e-14,9.953811960347686e-05,2.309901187890094e-05,1.9539925233402755e-14,9.555640457072911e-05,2.2175041159222532e-05
3571,1.9580255359351466e-14,9.981771012921134e-05,2.276701141448855e-06,1.8829382497642654e-14,9.58248104051762e-05,2.1856331953173935e-06
3581,2.030545000229041e-14,0.00010009730103712343,3.3267315684868576e-06,1.9539925233402755e-14,9.609321660342118e-05,3.193662093359251e-06
3591,2.3024929913311446e-14,0.00010037689232195541,1.8534027843593505e-05,2.2026824808563106e-14,9.636162316049024e-05,1.7792660134396953e-05
3601,2.3206228574046183e-14,0.0001006564839849764,9.86138947516011e-06,2.220446049250313e-14,9.663003007762683e-05,9.466935763136063e-06
3611,2.411272187771986e-14,0.00010093607602546119,2.768602314671374e-06,2.3092638912203256e-14,9.689843735429803e-05,2.6578580751390744e-06
3621,2.5200513842128276e-14,0.000101215668444135,1.030842632225439e-05,2.4158453015843406e-14,9.716684499085914e-05,9.896087229144257e-06
3631,2.3387527234780917e-14,0.0001014952612431734,1.7995728826257544e-05,2.2382096176443155e-14,9.743525298944178e-05,1.7275905890912214e-05
3641,2.1211943305964087e-14,0.00010177485441931302,7.394848245624212e-07,2.0250467969162856e-14,9.770366134720376e-05,7.099054212034162e-07
3651,1.7948567412738842e-14,0.00010205444797382294,3.94456457761013e-07,1.7053025658242404e-14,9.797207006521092e-05,3.7867819653314426e-07
3661,1.7042074109065165e-14,0.00010233404190887874,2.4561105419605815e-05,1.6342482922482303e-14,9.824047914559486e-05,2.3578672784729803e-05
3671,1.4503892858778863e-14,0.00010261363622448044,1.202940646925439e-06,1.3855583347321953e-14,9.850888858817797e-05,1.1548230487434807e-06
3681,1.1421815626288356e-14,0.00010289323091464517,8.950659372625547e-06,1.0835776720341527e-14,9.877729838745353e-05,8.59263453580894e-06
3691,1.0877919644084148e-14,0.0001031728259835428,2.7628152086265514e-05,1.0302869668521452e-14,9.904570854697425e-05,2.6523040657977504e-05
3701,1.1421815626288356e-14,0.00010345242143262373,1.6406874843159386e-06,1.0835776720341527e-14,9.931411906887178e-05,1.5750600365294077e-06
3711,1.1784412947757827e-14,0.00010373201726188794,1.5793604074145742e-05,1.1191048088221578e-14,9.958252995243556e-05,1.5161864700097282e-05
3721,1.3234802233635712e-14,0.00010401161346734687,2.6036705424808742e-05,1.2612133559741778e-14,9.98509411942905e-05,2.499525022336968e-05
3731,1.1059218304818884e-14,0.00010429121005353299,1.906194569453943e-07,1.0480505352461478e-14,0.00010011935279887751,1.8299467807736391e-07
3741,1.287220491216624e-14,0.00010457080701827073,1.902174148242152e-05,1.2256862191861729e-14,0.00010038776476353206,1.8260878769993383e-05
3751,1.1421815626288356e-14,0.00010485040435992837,1.9768719439554173e-05,1.1013412404281553e-14,0.00010065617708718833,1.897797816514668e-05
3761,9.790127679675733e-15,0.00010513000208068151,4.105115641882541e-06,9.414691248821327e-15,0.00010092458977162266,3.940910692712407e-06
3771,1.0515322322614677e-14,0.00010540960017980495,1.8586630294073005e-05,9.947598300641402e-15,0.0001011930028164798,1.7843171715092864e-05
3781,1.1784412947757827e-14,0.00010568919865802391,9.999527096905511e-06,1.1191048088221578e-14,0.00010146141622211502,9.599547932737097e-06
3791,1.250960759069677e-14,0.00010596879751388796,8.98487302646561e-06,1.2079226507921703e-14,0.00010172982998728486,8.625476555579325e-06
3801,1.1421815626288356e-14,0.00010624839674667194,1.5429703161641185e-05,1.1013412404281553e-14,0.00010199824411127878,1.481251960608887e-05
3811,1.2690906251431506e-14,0.0001065279963596392,1.191437924958811e-06,1.2079226507921703e-14,0.00010226665859729423,1.1437803808078684e-06
3821,1.432259419804413e-14,0.00010680759635170196,1.311194188893865e-05,1.3677947663381929e-14,0.00010253507344426538,1.2587460912527603e-05
3831,1.5229087501717807e-14,0.00010708719672267892,1.1120732280479054e-05,1.4566126083082053e-14,0.0001028034886520146,1.0675905363655147e-05
3841,1.4141295537309392e-14,0.00010736679747528957,1.1368005991787004e-05,1.3500311979441903e-14,0.00010307190422302881,1.0913283270852503e-05
3851,1.3053503572900977e-14,0.00010764639860518272,1.4714379741454163e-05,1.2434497875801753e-14,0.00010334032015322237,1.4125800394815258e-05
3861,1.377869821583992e-14,0.0001079260001107267,7.3250546121334234e-06,1.3145040611561854e-14,0.00010360873644135182,7.032053457756149e-06
3871,1.3053503572900977e-14,0.00010820560199844827,1.8383874809749953e-05,1.2434497875801753e-14,0.00010387715309292389,1.7648513328438754e-05
3881,1.2690906251431506e-14,0.00010848520426163936,1.2557574961066315e-05,1.2079226507921703e-14,0.00010414557010225422,1.2055268934929585e-05
3891,1.5410386162452544e-14,0.00010876480690592023,5.2655310981246915e-06,1.474376176702208e-14,0.00010441398747431662,5.054910386448341e-06
3901,1.5047788840983072e-14,0.00010904440992585192,2.09410148107144e-05,1.4210854715202004e-14,0.00010468240520378203,2.010336579854055e-05
3911,1.2328308929962035e-14,0.0001093240133277799,6.395043000166953e-06,1.1723955140041652e-14,0.00010495082329722293,6.13924049499559e-06
3921,1.3234802233635712e-14,0.00010960361710844078,5.34489601259399e-06,1.2612133559741778e-14,0.0001052192417512643,5.131100720490167e-06
3931,1.2328308929962035e-14,0.00010988322126710936,1.889995709197411e-05,1.1723955140041652e-14,0.0001054876605650179,1.8143951949767256e-05
3941,1.3053503572900977e-14,0.00011016282580541734,2.8668033581070357e-06,1.2434497875801753e-14,0.00010575607974026014,2.7521313814560244e-06
3951,1.124051696555362e-14,0.00011044243072155174,7.043621153241402e-06,1.0658141036401503e-14,0.00010602449927539226,6.76187725954236e-06
3961,1.1784412947757827e-14,0.00011072203601768811,1.3256991093534529e-05,1.1191048088221578e-14,0.00010629291917219064,1.2726708075483373e-05
3971,1.6135580805391487e-14,0.00011100164169074441,1.334957048466331e-05,1.5454304502782178e-14,0.0001065613394278131,1.2815591086834387e-05
3981,1.72233727697999e-14,0.00011128124773999544,9.122922081639658e-06,1.652011860642233e-14,0.0001068297600415491,8.758006796227846e-06
3991,1.7948567412738842e-14,0.00011156085416961104,5.802755954254751e-06,1.7053025658242404e-14,0.00010709818101748426,5.57064506967464e-06
