period,drL_Boris,drL_RK4,drL_SPPINN
1,5.438959822042074e-16,2.7945559946390143e-08,0.000413770055965903
2,7.251946429389432e-16,5.5891122249662875e-08,7.779607540074775e-05
3,5.438959822042074e-16,8.383668745371418e-08,9.484450583161205e-05
4,7.251946429389432e-16,1.1178225827802396e-07,0.00014115891613676254
5,0.0,1.39727831640515e-07,0.0003402546505210531
6,3.625973214694716e-16,1.676734093541739e-07,5.931895909389664e-05
7,0.0,1.9561899051250736e-07,0.0006364642509850392
8,5.438959822042074e-16,2.2356457547811267e-07,0.0005888811782957796
9,1.812986607347358e-16,2.5151016497618453e-07,0.0008371139137597778
10,5.438959822042074e-16,2.794557573750349e-07,0.001308654315997808
11,9.06493303673679e-16,3.0740135358115724e-07,0.001202555498649853
12,5.438959822042074e-16,3.3534695504494067e-07,0.0019343117214852387
13,5.438959822042074e-16,3.632925588656067e-07,0.0018657417009145907
14,1.812986607347358e-15,3.912381670374406e-07,0.0023704291540389334
15,2.1755839288168296e-15,4.191837790165464e-07,0.0027560997631034456
16,1.4503892858778864e-15,4.4712939534682e-07,0.0028379540066428587
17,1.9942852680820937e-15,4.750750151217682e-07,0.0036116402458719
18,1.812986607347358e-15,5.030206383413909e-07,0.0035347312934181723
19,1.631687946612622e-15,5.309662651869869e-07,0.004220673476287869
20,1.0877919644084148e-15,5.589118960211534e-07,0.004459549607627624
21,1.0877919644084148e-15,5.868575302999944e-07,0.00471349487116147
22,1.9942852680820937e-15,6.148031687487047e-07,0.005407637718056063
23,1.9942852680820937e-15,6.427488108233882e-07,0.005334805803336249
24,2.1755839288168296e-15,6.706944568866421e-07,0.006099908424314004
25,1.631687946612622e-15,6.98640106213272e-07,0.00615621246618279
26,2.1755839288168296e-15,7.265857591658751e-07,0.006541816033827196
27,1.631687946612622e-15,7.545314168322434e-07,0.007046187744984435
28,1.9942852680820937e-15,7.824770783058835e-07,0.006987190872951797
29,2.5381812502863012e-15,8.104227432241982e-07,0.007716247255032736
30,2.5381812502863012e-15,8.383684121310835e-07,0.007583996725836169
31,3.263375893225244e-15,8.663140846639419e-07,0.008043343997375366
32,3.807271875429452e-15,8.942597613666695e-07,0.008277834267154345
33,4.532466518368395e-15,9.222054411514745e-07,0.008238952328067437
34,4.169869196898923e-15,9.501511247435512e-07,0.008820013535531818
35,3.9885705361641875e-15,9.780968128680945e-07,0.00852205226676576
36,4.532466518368395e-15,1.0060425047999098e-06,0.008987936006588806
37,5.0763625005726024e-15,1.0339882001763994e-06,0.008916229289130505
38,5.62025848277681e-15,1.0619338995414597e-06,0.008900796399168812
39,6.1641544649810174e-15,1.0898796021698958e-06,0.00924241419666601
40,6.1641544649810174e-15,1.1178253091494998e-06,0.008825109499703112
41,5.9828558042462816e-15,1.145771019211181e-06,0.009229498495969903
42,6.526751786450488e-15,1.1737167332614328e-06,0.008864656328797325
43,6.1641544649810174e-15,1.2016624514815538e-06,0.008874004580748444
44,6.1641544649810174e-15,1.2296081731463492e-06,0.008920678089398478
45,6.1641544649810174e-15,1.257553898437118e-06,0.008446172485685629
46,6.345453125715753e-15,1.2854996277164574e-06,0.008728759396000072
47,6.345453125715753e-15,1.3134453604404711e-06,0.008129853044212513
48,6.708050447185224e-15,1.3413910978782501e-06,0.008163685149680546
49,7.614543750858903e-15,1.3693368382168076e-06,0.007906308321089316
50,6.526751786450488e-15,1.3972825825439358e-06,0.007443898849335145
51,6.88934910791996e-15,1.425228330497037e-06,0.007560530721199159
52,7.251946429389432e-15,1.4531740822574103e-06,0.006821650403532375
53,6.345453125715753e-15,1.4811198383689513e-06,0.006877451821902794
54,7.251946429389432e-15,1.5090655981064657e-06,0.006356014530491342
55,6.88934910791996e-15,1.5370113616512517e-06,0.005973449558537402
56,6.1641544649810174e-15,1.5649571282781152e-06,0.00590362572973527
57,6.1641544649810174e-15,1.5929028994374451e-06,0.005138093920767739
58,5.9828558042462816e-15,1.6208486747666442e-06,0.00521003871781433
59,6.345453125715753e-15,1.6487944531779204e-06,0.004507392217501819
60,5.801557143511546e-15,1.676740235759066e-06,0.00426228203512457
61,5.438959822042074e-15,1.7046860221474833e-06,0.00401413167958591
62,5.801557143511546e-15,1.7326318125244713e-06,0.003337135855932261
63,5.801557143511546e-15,1.760577605258342e-06,0.003415505629693256
64,7.251946429389432e-15,1.7885234028872762e-06,0.0026431985696468447
65,7.070647768654696e-15,1.816469203960885e-06,0.002574779411553818
66,7.433245090124167e-15,1.8444150092043632e-06,0.00218565925629493
67,7.433245090124167e-15,1.87236081734862e-06,0.0016979399017245927
68,7.977141072328375e-15,1.9003066293001485e-06,0.001769991908843851
69,8.15843973306311e-15,1.9282524457841437e-06,0.0010491900899187625
70,7.977141072328375e-15,1.9561982657128133e-06,0.0011713241263297271
71,6.88934910791996e-15,1.9841440896300535e-06,0.0007028342674012521
72,6.526751786450488e-15,2.0120899180797603e-06,0.00047710154868969997
73,5.257661161307338e-15,2.0400357492489467e-06,0.0005296001778248576
74,5.62025848277681e-15,2.0679815849505997e-06,2.8846957713960787e-05
75,5.257661161307338e-15,2.0959274246408237e-06,0.00026818772566682294
76,4.351167857633659e-15,2.1238732666879296e-06,0.0002040979885410437
77,4.532466518368395e-15,2.151819113086204e-06,0.0001330627368202113
78,4.895063839837867e-15,2.17976496329175e-06,0.00011039931937888218
79,5.0763625005726024e-15,2.2077108163980745e-06,0.00042291829835501874
80,4.895063839837867e-15,2.2356566740368656e-06,4.37031278064314e-06
81,5.62025848277681e-15,2.26360253530163e-06,0.0003956841726171975
82,6.345453125715753e-15,2.291548400917562e-06,3.647745780125947e-05
83,7.251946429389432e-15,2.3194942703407658e-06,4.800071030960443e-05
84,6.88934910791996e-15,2.347440143027346e-06,6.97201882129171e-05
85,7.070647768654696e-15,2.3753860195211975e-06,0.0004203815321777644
86,6.526751786450488e-15,2.40333190000362e-06,0.00015546636932201304
87,7.251946429389432e-15,2.4312777851998076e-06,0.0007507671365720235
88,7.070647768654696e-15,2.4592236731154746e-06,0.0007078429544480305
89,6.1641544649810174e-15,2.4871695646571153e-06,0.0009781269352009264
90,6.526751786450488e-15,2.5151154598247294e-06,0.001452111248016754
91,6.345453125715753e-15,2.5430613595248097e-06,0.0013617103940486903
92,5.9828558042462816e-15,2.571007262306967e-06,0.00210363826594712
93,5.801557143511546e-15,2.5989531694402927e-06,0.002038163700921596
94,6.1641544649810174e-15,2.626899080924786e-06,0.0025591185855482336
95,5.801557143511546e-15,2.6548449956726554e-06,0.0029406683748556704
96,6.1641544649810174e-15,2.682790913321303e-06,0.0030354225333152733
97,6.1641544649810174e-15,2.7107368351398198e-06,0.0038095875367460553
98,6.88934910791996e-15,2.7386827611282062e-06,0.0037336801371123792
99,6.88934910791996e-15,2.766628690379968e-06,0.004427720642956043
100,6.345453125715753e-15,2.794574623439002e-06,0.0046566945876935495
101,6.526751786450488e-15,2.822520560849204e-06,0.004918832254870861
102,6.88934910791996e-15,2.8504665015227815e-06,0.005603597956062394
103,6.526751786450488e-15,2.8784124458223326e-06,0.005529416932924009
104,6.526751786450488e-15,2.9063583937478564e-06,0.006293218921926243
105,6.526751786450488e-15,2.934304346387146e-06,0.006335513019646146
106,6.708050447185224e-15,2.962250303015006e-06,0.006723506343304624
107,6.1641544649810174e-15,2.990196262724943e-06,0.0072101070404385
108,6.526751786450488e-15,3.018142227329944e-06,0.00714752268300372
109,5.801557143511546e-15,3.046088195923515e-06,0.007865988558283583
110,5.801557143511546e-15,3.0740341672365666e-06,0.00771783504200541
111,5.801557143511546e-15,3.1019801425381885e-06,0.008173560479760878
112,5.257661161307338e-15,3.129926121103186e-06,0.008384739017151586
113,4.532466518368395e-15,3.1578721031128587e-06,0.008340548570115399
114,4.713765179103131e-15,3.1858180896549974e-06,0.008903219331280625
115,5.438959822042074e-15,3.2137640796418107e-06,0.00858984087399554
116,5.62025848277681e-15,3.241710073435896e-06,0.009046709775433835
117,5.257661161307338e-15,3.2696560717624476e-06,0.008949888911472957
118,5.257661161307338e-15,3.2976020724458823e-06,0.008928288790150566
119,5.62025848277681e-15,3.3255480780243805e-06,0.009246445714345184
120,6.345453125715753e-15,3.3534940870475533e-06,0.008816426766227117
121,6.88934910791996e-15,3.3814400991528033e-06,0.009207726465542498
122,6.526751786450488e-15,3.4093861161531173e-06,0.008819930053366645
123,6.88934910791996e-15,3.437332135691612e-06,0.008823301049575329
124,6.526751786450488e-15,3.4652781599438723e-06,0.008845056606666511
125,6.1641544649810174e-15,3.4932241880034046e-06,0.008362346751267765
126,5.9828558042462816e-15,3.5211702200515075e-06,0.008629629410998894
127,6.1641544649810174e-15,3.5491162544564927e-06,0.008013451124060928
128,5.257661161307338e-15,3.5770622933939444e-06,0.008042513035511916
129,4.895063839837867e-15,3.6050083359573696e-06,0.007762704462645415
130,5.257661161307338e-15,3.6329543821467676e-06,0.00729781034797434
131,5.438959822042074e-15,3.660900433049931e-06,0.007399130800126748
132,5.9828558042462816e-15,3.6888464870351717e-06,0.006651211336076547
133,6.345453125715753e-15,3.7167925441024895e-06,0.0067042232366995025
134,7.433245090124167e-15,3.7447386060648713e-06,0.0061664459071023026
135,7.614543750858903e-15,3.7726846720158236e-06,0.005787576731783736
136,7.795842411593639e-15,3.80063074141145e-06,0.005704738359633171
137,8.15843973306311e-15,3.828576814251752e-06,0.004939654814799334
138,8.521037054532582e-15,3.856522891987117e-06,0.005011179177143315
139,8.702335715267318e-15,3.884468972623261e-06,0.004300909673940792
140,8.339738393797847e-15,3.912415057247975e-06,0.004065274330922349
141,7.433245090124167e-15,3.940361146586454e-06,0.003808482354524185
142,7.977141072328375e-15,3.968307238463115e-06,0.0031412738660488203
143,8.702335715267318e-15,3.996253334147048e-06,0.003221558482673117
144,9.608829018940997e-15,4.024199433819551e-06,0.002451523949659107
145,8.521037054532582e-15,4.052145538205819e-06,0.0023970607728622446
146,8.702335715267318e-15,4.080091645492867e-06,0.0020051553205387546
147,8.15843973306311e-15,4.108037756224588e-06,0.0015350854925484155
148,7.795842411593639e-15,4.135983870582283e-06,0.00161099164455197
149,7.614543750858903e-15,4.163929990197638e-06,0.0009019068519372262
150,7.614543750858903e-15,4.19187611307637e-06,0.001040389626020184
151,7.070647768654696e-15,4.2198222383119845e-06,0.0005755389219564024
152,6.708050447185224e-15,4.247768368623961e-06,0.00037272619606288195
153,6.88934910791996e-15,4.2757145021993135e-06,0.00043037577781062617
154,7.070647768654696e-15,4.303660640307133e-06,0.00010886033813512519
155,6.708050447185224e-15,4.331606782040926e-06,0.0002043223586092481
156,6.708050447185224e-15,4.359552927038093e-06,0.00025842211691538234
157,6.345453125715753e-15,4.387499076930326e-06,0.0001625743060270291
158,6.526751786450488e-15,4.415445228998142e-06,0.00013423096352326835
159,6.708050447185224e-15,4.443391385235828e-06,0.00042310725209498414
160,6.88934910791996e-15,4.471337545824681e-06,1.7472739019916028e-05
161,6.1641544649810174e-15,4.499283709676909e-06,0.00036869938554671413
162,6.345453125715753e-15,4.5272298771551115e-06,1.3483429522557695e-05
163,5.801557143511546e-15,4.55517604916578e-06,7.370922750510835e-06
164,5.9828558042462816e-15,4.583122224439826e-06,1.0086647058505661e-05
165,5.801557143511546e-15,4.611068404246337e-06,0.0005084111238575327
166,5.801557143511546e-15,4.639014586953626e-06,0.0002594090800397207
167,5.0763625005726024e-15,4.6669607736494865e-06,0.0008722935952749289
168,5.438959822042074e-15,4.69490696524041e-06,0.0008337510692098945
169,5.62025848277681e-15,4.722853159913412e-06,0.0011256096019893773
170,5.257661161307338e-15,4.750799358212387e-06,0.001601414212545561
171,5.62025848277681e-15,4.778745559230841e-06,0.0015263512860870343
172,5.257661161307338e-15,4.806691764419165e-06,0.0022776491254820615
173,5.801557143511546e-15,4.8346379743212535e-06,0.002214870147486986
174,5.801557143511546e-15,4.862584187486719e-06,0.0027513737806477887
175,6.345453125715753e-15,4.890530404640754e-06,0.0031281257255989904
176,5.801557143511546e-15,4.918476625420763e-06,0.003235231588854622
177,5.257661161307338e-15,4.946422849464147e-06,0.004008969310544805
178,5.801557143511546e-15,4.974369078221297e-06,0.003933600146996981
179,6.1641544649810174e-15,5.002315309516627e-06,0.00463488525856522
180,5.9828558042462816e-15,5.03026154588832e-06,0.004853334983076806
181,5.801557143511546e-15,5.05820778552339e-06,0.005123020754478112
182,6.1641544649810174e-15,5.086154029509627e-06,0.005797544402183724
183,5.9828558042462816e-15,5.114100277303136e-06,0.005721558145067867
184,5.801557143511546e-15,5.1420465290852155e-06,0.00648319540200124
185,5.9828558042462816e-15,5.169992783949372e-06,0.006511005591549167
186,5.62025848277681e-15,5.197939042983398e-06,0.0069007493520487195
187,6.1641544649810174e-15,5.2258853065498905e-06,0.0073688948964281825
188,5.62025848277681e-15,5.253831572654564e-06,0.007302345896950487
189,6.1641544649810174e-15,5.28177784256651e-06,0.008009474020411418
190,5.257661161307338e-15,5.309724116104428e-06,0.007845156875588163
191,4.895063839837867e-15,5.337670393812217e-06,0.008296719636126455
192,4.895063839837867e-15,5.365616675689874e-06,0.008484191677038849
193,5.438959822042074e-15,5.393562961374803e-06,0.008434455642876725
194,5.801557143511546e-15,5.4215092503231075e-06,0.008978219289904148
195,6.1641544649810174e-15,5.4494555436225805e-06,0.00864940845810161
196,6.1641544649810174e-15,5.477401840548026e-06,0.00909689465804182
197,6.1641544649810174e-15,5.5053481409181475e-06,0.00897491327733208
198,6.526751786450488e-15,5.5332944450955395e-06,0.008947088322295639
199,6.526751786450488e-15,5.561240752173711e-06,0.009241581726572475
200,6.526751786450488e-15,5.58918706487214e-06,0.008799077746999468
201,6.526751786450488e-15,5.617133381015244e-06,0.009177142437853081
202,6.526751786450488e-15,5.645079700784321e-06,0.008766695234482525
203,7.070647768654696e-15,5.673026023816775e-06,0.008764220893016624
204,7.614543750858903e-15,5.700972350837799e-06,0.008761207771133228
205,6.88934910791996e-15,5.728918682028692e-06,0.00827073539173083
206,7.070647768654696e-15,5.7568650168455575e-06,0.008522810771170506
207,7.070647768654696e-15,5.784811353656709e-06,0.007889960890134672
208,7.251946429389432e-15,5.81275769590682e-06,0.007914552538062893
209,7.070647768654696e-15,5.8407040414203075e-06,0.007612795859016998
210,7.433245090124167e-15,5.868650391103664e-06,0.0071460116762522745
211,7.251946429389432e-15,5.8965967444129926e-06,0.007232350033225335
212,6.708050447185224e-15,5.924543101166997e-06,0.006476193287040132
213,6.88934910791996e-15,5.952489461728273e-06,0.006526834507423808
214,7.070647768654696e-15,5.980435825734224e-06,0.005973461569889679
215,6.526751786450488e-15,6.008382194272641e-06,0.005598952569124664
216,7.977141072328375e-15,6.036328566437031e-06,0.005503618851116002
217,7.614543750858903e-15,6.064274941864797e-06,0.004739865678690329
218,7.795842411593639e-15,6.092221322731523e-06,0.004811439795144861
219,8.15843973306311e-15,6.120167705955132e-06,0.004094433659940956
220,8.883634376002054e-15,6.148114093348609e-06,0.0038689086929875435
221,9.06493303673679e-15,6.17606048436806e-06,0.0036041110469876353
222,8.702335715267318e-15,6.204006879738679e-06,0.0029475224355943143
223,7.795842411593639e-15,6.231953278916569e-06,0.003030169479303023
224,8.339738393797847e-15,6.259899681901732e-06,0.002263292331301184
225,8.702335715267318e-15,6.287846088512868e-06,0.0022232905406193745
226,9.427530358206262e-15,6.315792498568678e-06,0.0018292557610025495
227,9.790127679675733e-15,6.343738912069163e-06,0.0013774964537126592
228,9.790127679675733e-15,6.371685330283413e-06,0.001457613531282419
229,1.0515322322614677e-14,6.399631751761039e-06,0.000760987086688523
230,1.124051696555362e-14,6.427578176864638e-06,0.0009161074643417647
231,1.1421815626288356e-14,6.455524606138107e-06,0.00045546550547071173
232,1.0515322322614677e-14,6.483471038674951e-06,0.00027596312757342166
233,9.790127679675733e-15,6.511417475562963e-06,0.0003389771352185497
234,9.427530358206262e-15,6.539363915170455e-06,0.00018056563155372432
235,8.883634376002054e-15,6.567310358766518e-06,0.00014878421965329664
236,9.246231697471526e-15,6.5952568065324496e-06,0.0003040325000916688
237,9.427530358206262e-15,6.623203258649549e-06,0.0001833149127758459
238,9.06493303673679e-15,6.651149713486128e-06,0.00014925176852680102
239,9.790127679675733e-15,6.679096172673876e-06,0.0004143324047292139
240,1.0152725001145205e-14,6.707042636031492e-06,3.928175963684781e-05
241,1.0515322322614677e-14,6.734989102289887e-06,0.00033287144148664183
242,1.0877919644084148e-14,6.76293557308075e-06,7.19967481546178e-05
243,1.124051696555362e-14,6.790882046409792e-06,7.11562368249506e-05
244,1.033402366187994e-14,6.818828524633899e-06,9.811404202144806e-05
245,9.971426340410469e-15,6.846775006846576e-06,0.0006041708492329434
246,9.790127679675733e-15,6.87472149232263e-06,0.0003709461206987751
247,9.608829018940997e-15,6.9026679816059545e-06,0.0010008144354658084
248,1.0515322322614677e-14,6.9306144757843435e-06,0.0009663565096092821
249,1.0515322322614677e-14,6.958560972863511e-06,0.001279285899047575
250,9.971426340410469e-15,6.986507473931249e-06,0.0017562712942770931
251,9.427530358206262e-15,7.0144539788062585e-06,0.0016961644752051528
252,9.427530358206262e-15,7.042400488213735e-06,0.0024560129146146397
253,8.883634376002054e-15,7.070346999796795e-06,0.002395517380542663
254,9.246231697471526e-15,7.098293515187128e-06,0.002946834312074982
255,8.521037054532582e-15,7.126240035291225e-06,0.003318106926293706
256,8.15843973306311e-15,7.154186559021296e-06,0.0034370044958394485
257,8.339738393797847e-15,7.182133085470846e-06,0.004209404705834752
258,7.977141072328375e-15,7.210079616090266e-06,0.004134107617822414
259,8.15843973306311e-15,7.238026150698256e-06,0.004841779319107068
260,7.795842411593639e-15,7.2659726883883235e-06,0.005049089998647813
261,7.251946429389432e-15,7.293919230973455e-06,0.005325679243127133
262,7.070647768654696e-15,7.321865777003261e-06,0.005989105926148573
263,7.070647768654696e-15,7.349812327384234e-06,0.00591086533191867
264,6.88934910791996e-15,7.377758882478974e-06,0.0066694824178083955
265,6.345453125715753e-15,7.405705439749296e-06,0.0066823520074387925
266,5.801557143511546e-15,7.4336520006455924e-06,0.007073217538359836
267,5.438959822042074e-15,7.461598566074355e-06,0.007522246237584122
268,5.257661161307338e-15,7.489545135672987e-06,0.007451371251998587
269,4.713765179103131e-15,7.517491708172397e-06,0.008146434776656157
270,4.895063839837867e-15,7.5454382848416765e-06,0.007965717788611161
271,5.0763625005726024e-15,7.5733848645930335e-06,0.008412596643947702
272,4.895063839837867e-15,7.601331448876857e-06,0.008575998552302386
273,4.169869196898923e-15,7.62927803588016e-06,0.008520502031291243
274,3.625973214694716e-15,7.657224627959826e-06,0.009044871208119382
275,2.900778571755773e-15,7.685171223302867e-06,0.008700640776437701
276,3.263375893225244e-15,7.713117821727986e-06,0.009138401947660378
277,3.9885705361641875e-15,7.741064425229468e-06,0.008991248438564093
278,4.169869196898923e-15,7.769011031813026e-06,0.008957166189186006
279,4.351167857633659e-15,7.796957642929051e-06,0.009227827463711626
280,4.895063839837867e-15,7.824904257127154e-06,0.008773095307841745
281,4.713765179103131e-15,7.85285087603902e-06,0.009137807143362877
282,4.713765179103131e-15,7.880797498395563e-06,0.008705045584406525
283,5.0763625005726024e-15,7.908744124378079e-06,0.008696882055422439
284,5.257661161307338e-15,7.936690753805268e-06,0.008669283182398351
285,5.438959822042074e-15,7.964637387583626e-06,0.008171513552041305
286,5.257661161307338e-15,7.992584024987956e-06,0.008408505020172331
287,5.62025848277681e-15,8.02053066601826e-06,0.007759610195516275
288,5.438959822042074e-15,8.048477311037135e-06,0.00778005108351351
289,5.257661161307338e-15,8.076423959681984e-06,0.0074568578951369705
290,4.351167857633659e-15,8.104370611590207e-06,0.006988794292042702
291,4.351167857633659e-15,8.132317267849599e-06,0.0070605011052187186
292,5.0763625005726024e-15,8.160263927553665e-06,0.006296924840346189
293,4.713765179103131e-15,8.1882105914276e-06,0.006345626087010568
294,4.532466518368395e-15,8.216157258383613e-06,0.0057774196085084465
295,4.351167857633659e-15,8.24410393005339e-06,0.005407941129873693
296,3.9885705361641875e-15,8.272050605167842e-06,0.005300644061274188
297,3.807271875429452e-15,8.299997284452165e-06,0.00453910665968848
298,3.263375893225244e-15,8.327943966274667e-06,0.0046112030274020645
299,2.900778571755773e-15,8.355890653173533e-06,0.003888350904504964
300,2.5381812502863012e-15,8.383837342791878e-06,0.0036735663243100776
301,2.5381812502863012e-15,8.41178403676139e-06,0.003401401012206652
302,2.900778571755773e-15,8.43973073399428e-06,0.0027562550199979018
303,1.9942852680820937e-15,8.467677435397038e-06,0.002841704458188732
304,1.631687946612622e-15,8.495624140063172e-06,0.002078859656768259
305,1.631687946612622e-15,8.52357084835528e-06,0.002053807971001623
306,1.631687946612622e-15,8.551517561905048e-06,0.0016582903206261487
307,1.631687946612622e-15,8.579464278355594e-06,0.0012254809299231527
308,1.631687946612622e-15,8.607410998613414e-06,0.001310149363609211
309,1.4503892858778864e-15,8.635357722678503e-06,0.0006267001595634264
310,1.4503892858778864e-15,8.663304450913464e-06,0.0007987214818170375
311,2.3568825895515654e-15,8.691251182049202e-06,0.0003428378803567355
312,2.1755839288168296e-15,8.71919791735481e-06,0.00018700580905907957
313,2.3568825895515654e-15,8.747144655923793e-06,0.0002555751893414174
314,2.5381812502863012e-15,8.775091399025243e-06,0.00024382309135630157
315,2.900778571755773e-15,8.803038145933966e-06,0.00010168279540429119
316,2.5381812502863012e-15,8.830984896649959e-06,0.00034084701889518763
317,2.1755839288168296e-15,8.858931650991926e-06,0.0001952371860075301
318,1.812986607347358e-15,8.886878408959866e-06,0.00015543955692057625
319,1.2690906251431506e-15,8.914825171097677e-06,0.00039660639031413846
320,9.06493303673679e-16,8.942771936498862e-06,6.975490003704154e-05
321,3.625973214694716e-16,8.970718706251214e-06,0.00028827298262759567
322,3.625973214694716e-16,8.998665479448243e-06,0.00013895610186541438
323,1.812986607347358e-16,9.026612255908645e-06,0.0001432248787562584
324,5.438959822042074e-16,9.054559036720217e-06,0.00019419874121885734
325,1.812986607347358e-16,9.082505821339062e-06,0.0007074731487177358
326,3.625973214694716e-16,9.11045260940258e-06,0.0004898621440345511
327,1.812986607347358e-16,9.13839940109207e-06,0.0011360869662941924
328,1.812986607347358e-16,9.166346198039223e-06,0.0011053975551612574
329,3.625973214694716e-16,9.194292997161959e-06,0.0014388680675383393
330,1.812986607347358e-16,9.222239800635863e-06,0.0019163799506042238
331,5.438959822042074e-16,9.250186608098338e-06,0.0018708266671211436
332,7.251946429389432e-16,9.278133419549383e-06,0.002638389926512726
333,7.251946429389432e-16,9.306080234263805e-06,0.002579754506963606
334,5.438959822042074e-16,9.334027053148095e-06,0.0031451337914249872
335,5.438959822042074e-16,9.361973876020955e-06,0.003510242429225075
336,3.625973214694716e-16,9.38992070251979e-06,0.00364036118289458
337,7.251946429389432e-16,9.4178675321007e-06,0.0044105109221971245
338,9.06493303673679e-16,9.445814365307585e-06,0.004334818113058093
339,9.06493303673679e-16,9.473761203772131e-06,0.005048015471976991
340,1.4503892858778864e-15,9.501708044049663e-06,0.005243580760622728
341,1.9942852680820937e-15,9.529654889947454e-06,0.0055264297957913645
342,3.0820772324905087e-15,9.557601738746023e-06,0.006177915994997077
343,3.0820772324905087e-15,9.585548591714462e-06,0.006096980122267703
344,3.44467455395998e-15,9.613495448127575e-06,0.006851731555874929
345,3.625973214694716e-15,9.64144230816666e-06,0.0068492221755857546
346,3.625973214694716e-15,9.669389172919512e-06,0.00724059256666408
347,3.44467455395998e-15,9.697336040391843e-06,0.007669866288736637
348,2.719479911021037e-15,9.725282911671447e-06,0.007594320687980415
349,2.719479911021037e-15,9.753229787302218e-06,0.008276614198714942
350,2.3568825895515654e-15,9.781176665833767e-06,0.008079286274956753
351,2.719479911021037e-15,9.809123548535186e-06,0.00852098039557914
352,2.719479911021037e-15,9.837070435406474e-06,0.008659980330715772
353,3.263375893225244e-15,9.865017325903736e-06,0.008598531140408408
354,2.900778571755773e-15,9.892964219483074e-06,0.009103048430047389
355,2.5381812502863012e-15,9.920911117594879e-06,0.008743439400030252
356,2.3568825895515654e-15,9.948858020239152e-06,0.009171159125960688
357,2.3568825895515654e-15,9.976804926146799e-06,0.008998856769599098
358,2.900778571755773e-15,1.0004751835861718e-05,0.008958510006127771
359,3.625973214694716e-15,1.0032698749383908e-05,0.009205204701162784
360,3.0820772324905087e-15,1.0060645665988177e-05,0.008738528673426907
361,2.719479911021037e-15,1.008859258621842e-05,0.009089797599806146
362,2.5381812502863012e-15,1.0116539510799828e-05,0.008635090700253291
363,2.3568825895515654e-15,1.014448643918851e-05,0.00862141801207434
364,1.812986607347358e-15,1.0172433370477969e-05,0.008569449555675542
365,1.0877919644084148e-15,1.0200380306481194e-05,0.008064870875572607
366,1.4503892858778864e-15,1.0228327246110394e-05,0.008286927688808687
367,1.2690906251431506e-15,1.0256274189728163e-05,0.007622640011960912
368,9.06493303673679e-16,1.0284221137334501e-05,0.007639268456636502
369,1.0877919644084148e-15,1.0312168088204216e-05,0.007295177403561186
370,5.438959822042074e-16,1.0340115042881204e-05,0.006826460119163016
371,0.0,1.0368062001002866e-05,0.0068839062691447225
372,1.812986607347358e-16,1.0396008963656994e-05,0.006113742941227631
373,3.625973214694716e-16,1.042395593048099e-05,0.006160945729046228
374,5.438959822042074e-16,1.0451902900930963e-05,0.005578684132537348
375,0.0,1.047984987428171e-05,0.005214911264945555
376,3.625973214694716e-16,1.0507796851077135e-05,0.005096194461319509
377,0.0,1.0535743832042428e-05,0.0043377601414624125
378,3.625973214694716e-16,1.0563690817358889e-05,0.004410852359640637
379,5.438959822042074e-16,1.0591637806301323e-05,0.0036830477133725364
380,3.625973214694716e-16,1.0619584799232327e-05,0.0034796267003395073
381,5.438959822042074e-16,1.064753179506411e-05,0.0032007324821264668
382,5.438959822042074e-16,1.0675478794703165e-05,0.0025678406962419617
383,7.251946429389432e-16,1.070342579833079e-05,0.00265652371335847
384,2.1755839288168296e-15,1.0731372806309584e-05,0.0018985749359678131
385,2.5381812502863012e-15,1.0759319817733052e-05,0.0018889442168408836
386,2.900778571755773e-15,1.078726683332639e-05,0.0014925794288094736
387,1.9942852680820937e-15,1.0815213853089595e-05,0.001079336620998657
388,2.719479911021037e-15,1.0843160876116178e-05,0.0011688795534637525
389,2.3568825895515654e-15,1.0871107902950033e-05,0.0004993029668708088
390,2.5381812502863012e-15,1.0899054933591159e-05,0.000688462223291323
391,2.900778571755773e-15,1.092700196749566e-05,0.00023786570158413153
392,2.1755839288168296e-15,1.0954949005388734e-05,0.00010603277489869826
393,1.812986607347358e-15,1.098289604654518e-05,0.00018032539532649008
394,1.4503892858778864e-15,1.1010843091327603e-05,0.0002985090558705891
395,1.4503892858778864e-15,1.1038790140279894e-05,6.311116762089015e-05
396,2.1755839288168296e-15,1.1066737192858158e-05,0.00036880039796908284
397,2.900778571755773e-15,1.1094684250150187e-05,0.0001983107837863521
398,2.5381812502863012e-15,1.1122631311430786e-05,0.00015278925412897304
399,2.1755839288168296e-15,1.1150578375974762e-05,0.0003699589666957735
400,1.812986607347358e-15,1.1178525443963412e-05,0.00010883281547968677
401,9.06493303673679e-16,1.120647251630323e-05,0.00023499339896862476
402,7.251946429389432e-16,1.1234419591725125e-05,0.00021423874626923635
403,3.625973214694716e-16,1.126236667131689e-05,0.0002234305638324332
404,7.251946429389432e-16,1.1290313754534627e-05,0.00029816210425224137
405,7.251946429389432e-16,1.1318260840834442e-05,0.0008181158555505695
406,3.625973214694716e-16,1.1346207931485424e-05,0.0006159278552311559
407,9.06493303673679e-16,1.137415502594368e-05,0.0012778554773320932
408,5.438959822042074e-16,1.1402102124027908e-05,0.0012506002999733718
409,5.438959822042074e-16,1.1430049226644602e-05,0.0016040571689816328
410,9.06493303673679e-16,1.1457996333068568e-05,0.002081427609924816
411,7.251946429389432e-16,1.1485943443299806e-05,0.0020500056054490426
412,0.0,1.1513890556613121e-05,0.0028244327957673496
413,3.625973214694716e-16,1.1541837674096305e-05,0.002767224086249379
414,7.251946429389432e-16,1.1569784794661568e-05,0.0033459005755342294
415,7.251946429389432e-16,1.15977319192154e-05,0.003704158744931097
416,7.251946429389432e-16,1.1625679049026893e-05,0.0038449189124680084
417,1.0877919644084148e-15,1.1653626181376569e-05,0.0046119039533466305
418,5.438959822042074e-16,1.1681573317352216e-05,0.004535347198722132
419,1.812986607347358e-16,1.1709520456409941e-05,0.005253207747824418
420,3.625973214694716e-16,1.1737467599456237e-05,0.005436431035745859
421,1.0877919644084148e-15,1.1765414747397596e-05,0.005724898396502994
422,3.625973214694716e-16,1.1793361898783631e-05,0.006363613361203125
423,7.251946429389432e-16,1.1821309054520832e-05,0.006279550549597447
424,1.812986607347358e-16,1.1849256213884008e-05,0.007029602081290364
425,0.0,1.1877203376510558e-05,0.007011294700671115
426,3.625973214694716e-16,1.1905150543306979e-05,0.0074025658705397105
427,5.438959822042074e-16,1.193309771391067e-05,0.007811471118791036
428,1.0877919644084148e-15,1.1961044888140337e-05,0.007730927854613606
429,7.251946429389432e-16,1.198899206527078e-05,0.008399768362429956
430,5.438959822042074e-16,1.2016939247296289e-05,0.008185644183642154
431,1.0877919644084148e-15,1.2044886432585171e-05,0.00862167387816155
432,1.9942852680820937e-15,1.2072833621318729e-05,0.00873597240998865
433,1.4503892858778864e-15,1.2100780813859559e-05,0.008668401575695872
434,1.812986607347358e-15,1.2128728010932857e-05,0.009152640076324055
435,1.4503892858778864e-15,1.2156675211450828e-05,0.008777721891928785
436,1.2690906251431506e-15,1.2184622416501266e-05,0.009195109991250457
437,1.4503892858778864e-15,1.2212569623908585e-05,0.008997717038341714
438,1.4503892858778864e-15,1.224051683602967e-05,0.008951123829325659
439,9.06493303673679e-16,1.226846405159543e-05,0.009173751721956227
440,5.438959822042074e-16,1.2296411270787163e-05,0.008695443338556975
441,7.251946429389432e-16,1.2324358494692663e-05,0.009033206972168145
442,9.06493303673679e-16,1.2352305722405433e-05,0.008556955869516943
443,9.06493303673679e-16,1.2380252953562878e-05,0.008537977525107505
444,1.4503892858778864e-15,1.2408200188164997e-05,0.008461888423044479
445,1.631687946612622e-15,1.2436147426936985e-05,0.007951011159098827
446,1.631687946612622e-15,1.2464094668428454e-05,0.008158307903309828
447,5.438959822042074e-16,1.2492041914452388e-05,0.007479303993485871
448,1.2690906251431506e-15,1.2519989164102297e-05,0.00749247632345134
449,2.1755839288168296e-15,1.2547936417740775e-05,0.007128052142487844
450,2.719479911021037e-15,1.2575883675005227e-05,0.006659320989997983
451,2.719479911021037e-15,1.260383093625825e-05,0.006702896752911924
452,2.900778571755773e-15,1.2631778200774649e-05,0.005926992273596855
453,3.263375893225244e-15,1.2659725469823513e-05,0.0059731478389944675
454,3.0820772324905087e-15,1.2687672741954455e-05,0.005377624595636643
455,2.719479911021037e-15,1.2715620017892668e-05,0.005020235922193895
456,2.719479911021037e-15,1.2743567297638154e-05,0.004890653422627537
457,2.5381812502863012e-15,1.277151458173481e-05,0.004136210020829832
458,2.3568825895515654e-15,1.279946187018263e-05,0.0042107715781142035
459,2.900778571755773e-15,1.2827409162981619e-05,0.0034789092355852467
460,3.263375893225244e-15,1.2855356458318791e-05,0.0032874668383428983
461,2.719479911021037e-15,1.2883303757463234e-05,0.0030024819372548033
462,3.0820772324905087e-15,1.2911251059689753e-05,0.002382643447855167
463,3.44467455395998e-15,1.2939198366086141e-05,0.002474981295241831
464,3.263375893225244e-15,1.2967145676108505e-05,0.0017227795690378971
465,2.900778571755773e-15,1.2995092990300735e-05,0.001729021676676041
466,2.5381812502863012e-15,1.3023040308481537e-05,0.0013324335765891797
467,2.1755839288168296e-15,1.3050987629925715e-05,0.0009393501924061904
468,2.1755839288168296e-15,1.3078934955177165e-05,0.0010340725776808403
469,1.631687946612622e-15,1.310688228369199e-05,0.0003790394276112641
470,2.3568825895515654e-15,1.3134829616376685e-05,0.0005855464772986655
471,3.263375893225244e-15,1.3162776953775146e-05,0.000140744003135058
472,3.44467455395998e-15,1.319072429461828e-05,3.3207267723538064e-05
473,3.263375893225244e-15,1.321867163890609e-05,0.00011336741629375218
474,3.0820772324905087e-15,1.3246618987726365e-05,0.0003445161968594349
475,2.900778571755773e-15,1.3274566339447419e-05,3.3145825431736656e-05
476,1.9942852680820937e-15,1.330251369570094e-05,0.0003878443334390732
477,2.3568825895515654e-15,1.3330461054855238e-05,0.0001925224581688261
478,2.1755839288168296e-15,1.3358408418542004e-05,0.0001413128946671668
479,2.5381812502863012e-15,1.338635578512955e-05,0.0003344369580244473
480,2.719479911021037e-15,1.3414303156068261e-05,0.00015643941072760497
481,3.807271875429452e-15,1.344225053027035e-05,0.00017313864693479163
482,3.263375893225244e-15,1.34701979097301e-05,0.00029770583148444835
483,3.263375893225244e-15,1.3498145292271925e-05,0.00031161137273147345
484,3.625973214694716e-15,1.3526092677351933e-05,0.00040981045903957104
485,3.44467455395998e-15,1.3554040066964408e-05,0.0009358826005992178
486,3.625973214694716e-15,1.3581987460384153e-05,0.0007489004680616081
487,3.263375893225244e-15,1.3609934857611172e-05,0.001425851743347914
488,3.0820772324905087e-15,1.3637882258645462e-05,0.0014016791980815204
489,3.263375893225244e-15,1.3665829663305724e-05,0.0017745436703987068
490,3.0820772324905087e-15,1.3693777072135856e-05,0.0022510922886159303
491,3.263375893225244e-15,1.3721724484591962e-05,0.0022333607205199542
492,3.263375893225244e-15,1.3749671901217937e-05,0.003013787174769408
493,3.807271875429452e-15,1.3777619321832483e-05,0.0029575628273081846
494,3.9885705361641875e-15,1.3805566745529105e-05,0.003548758481310724
495,3.44467455395998e-15,1.3833514172670401e-05,0.0038994791649686646
496,2.900778571755773e-15,1.3861461604344165e-05,0.004050293011863894
497,3.263375893225244e-15,1.3889409039825201e-05,0.004813199320817036
498,3.0820772324905087e-15,1.391735647875091e-05,0.004735311175253393
499,3.625973214694716e-15,1.3945303922209088e-05,0.005456972287947329
500,3.625973214694716e-15,1.3973251369111939e-05,0.005627267943686434
501,3.263375893225244e-15,1.4001198819640763e-05,0.005920715636374188
502,3.0820772324905087e-15,1.402914627379556e-05,0.006545842739275713
503,3.44467455395998e-15,1.405709373175763e-05,0.006458231706504471
504,2.5381812502863012e-15,1.4085041193345672e-05,0.007202761567307279
505,2.719479911021037e-15,1.4112988658378389e-05,0.007168257480044024
506,3.0820772324905087e-15,1.4140936128124872e-05,0.007558839216605282
507,3.44467455395998e-15,1.416888360113473e-05,0.007946788163776612
508,3.807271875429452e-15,1.4196831077589262e-05,0.007860938596452833
509,3.625973214694716e-15,1.4224778558213665e-05,0.008515666491713243
510,3.44467455395998e-15,1.4252726043189234e-05,0.00828458711731626
511,3.625973214694716e-15,1.4280673530702985e-05,0.008714494527584413
512,2.719479911021037e-15,1.4308621022567905e-05,0.008803825198611373
513,2.719479911021037e-15,1.433656851896529e-05,0.008729987395709448
514,2.5381812502863012e-15,1.4364516018082156e-05,0.009193551244732794
515,2.719479911021037e-15,1.439246352118759e-05,0.008803421956637164
516,2.1755839288168296e-15,1.4420411028644195e-05,0.00921021475728513
517,2.1755839288168296e-15,1.4448358539545473e-05,0.008987824447621766
518,2.5381812502863012e-15,1.4476306053891426e-05,0.008935028145498054
519,1.9942852680820937e-15,1.450425357204465e-05,0.009133523249702496
520,2.1755839288168296e-15,1.4532201094186446e-05,0.008643920950080866
521,3.263375893225244e-15,1.4560148620135514e-05,0.008968144403619784
522,3.625973214694716e-15,1.458809615025445e-05,0.00847078184720188
523,3.44467455395998e-15,1.4616043684361957e-05,0.008446724371663524
524,3.625973214694716e-15,1.4643991220463748e-05,0.008346795807768119
525,3.9885705361641875e-15,1.4671938761279306e-05,0.007830151981755948
526,4.169869196898923e-15,1.4699886306264733e-05,0.008022887968564223
527,4.351167857633659e-15,1.4727833855963924e-05,0.007329868016210985
528,4.713765179103131e-15,1.4755781408382595e-05,0.007339957731358805
529,4.532466518368395e-15,1.4783728965152436e-05,0.006955790252814956
530,4.169869196898923e-15,1.4811676525729547e-05,0.006487698068574231
531,3.625973214694716e-15,1.4839624088844839e-05,0.006517812148038525
532,3.9885705361641875e-15,1.4867571656673897e-05,0.005737024621454215
533,4.532466518368395e-15,1.4895519228854123e-05,0.0057825928113699274
534,4.169869196898923e-15,1.4923466804297723e-05,0.00517461510793614
535,4.713765179103131e-15,1.4951414382642105e-05,0.004824291442115643
536,4.351167857633659e-15,1.4979361965518951e-05,0.004684406495521043
537,4.169869196898923e-15,1.5007309551840472e-05,0.003934840979593029
538,4.713765179103131e-15,1.5035257142694459e-05,0.004011344037517044
539,4.169869196898923e-15,1.5063204737899616e-05,0.0032763187302681422
540,4.713765179103131e-15,1.5091152335280354e-05,0.003097460569506838
541,4.895063839837867e-15,1.5119099937012262e-05,0.002807021383923469
542,4.895063839837867e-15,1.5147047541644948e-05,0.002201021457889405
543,5.62025848277681e-15,1.5174995151353996e-05,0.002297424322142064
544,5.801557143511546e-15,1.520294276450772e-05,0.0015518066819863452
545,5.801557143511546e-15,1.5230890381287415e-05,0.0015743533594233575
546,5.438959822042074e-15,1.5258838002055682e-05,0.0011781527100280216
547,4.895063839837867e-15,1.528678562663122e-05,0.0008057967062549997
548,5.801557143511546e-15,1.5314733254832733e-05,0.0009059844480842499
549,6.526751786450488e-15,1.5342680886841517e-05,0.00026613999988359897
550,5.9828558042462816e-15,1.5370628522113675e-05,0.0004901768420047387
551,5.801557143511546e-15,1.5398576161193107e-05,5.165281287034073e-05
552,5.62025848277681e-15,1.5426523804623707e-05,3.132309192900696e-05
553,5.62025848277681e-15,1.545447145149898e-05,5.482484659583414e-05
554,5.9828558042462816e-15,1.5482419102725423e-05,0.00038175373578272904
555,6.1641544649810174e-15,1.551036675830303e-05,1.1846510623521166e-05
556,6.526751786450488e-15,1.5538314415874927e-05,0.0003979475867601657
557,6.526751786450488e-15,1.556626207779799e-05,0.00017787608587853718
558,6.708050447185224e-15,1.5594209745160012e-05,0.00012103959413538143
559,6.526751786450488e-15,1.562215741596671e-05,0.0002901041633293305
560,6.526751786450488e-15,1.5650105089855483e-05,0.00021248199312641115
561,6.1641544649810174e-15,1.5678052766826334e-05,0.00010283103521377805
562,5.9828558042462816e-15,1.570600044851095e-05,0.0003892026766000827
563,5.801557143511546e-15,1.5733948133096347e-05,0.000407590079227046
564,5.257661161307338e-15,1.5761895821670313e-05,0.0005289354844932412
565,4.895063839837867e-15,1.578984351405155e-05,0.0010605432448976546
566,4.895063839837867e-15,1.5817791209333566e-05,0.0008885241869693155
567,5.0763625005726024e-15,1.5845738909691946e-05,0.0015797955529129693
568,5.0763625005726024e-15,1.5873686614220194e-05,0.0015583376304865227
569,5.0763625005726024e-15,1.5901634322374414e-05,0.0019500080489208349
570,5.438959822042074e-15,1.5929582033610713e-05,0.002425043224962181
571,5.9828558042462816e-15,1.5957529747385193e-05,0.002420543792644167
572,6.526751786450488e-15,1.598547746696123e-05,0.00320609242190289
573,6.526751786450488e-15,1.601342518998194e-05,0.003150402294584147
574,6.1641544649810174e-15,1.6041372916991223e-05,0.0037533275074905724
575,6.526751786450488e-15,1.606932064708258e-05,0.004095824488917564
576,6.1641544649810174e-15,1.6097268380618617e-05,0.004256097605885138
577,6.345453125715753e-15,1.6125216117599323e-05,0.005014012806548988
578,6.1641544649810174e-15,1.6153163858387304e-05,0.0049343278059502905
579,6.708050447185224e-15,1.6181111604251648e-05,0.0056589280658397145
580,7.251946429389432e-15,1.6209059353379366e-05,0.00581572266117958
581,6.88934910791996e-15,1.6237007106314354e-05,0.006113517401164292
582,6.88934910791996e-15,1.6264954863600514e-05,0.0067242554695328615
583,6.88934910791996e-15,1.6292902624150047e-05,0.006632686384268358
584,7.251946429389432e-15,1.6320850388325556e-05,0.007370886508169219
585,7.977141072328375e-15,1.6348798155945738e-05,0.00731980828143588
586,7.795842411593639e-15,1.637674592773579e-05,0.0077091252481717824
587,7.795842411593639e-15,1.640469370333311e-05,0.008075556727965569
588,7.795842411593639e-15,1.6432641483100303e-05,0.007984111414515353
589,7.433245090124167e-15,1.646058926613087e-05,0.008624091377740398
590,7.433245090124167e-15,1.6488537053693907e-05,0.008375924804931382
591,7.070647768654696e-15,1.6516484844339016e-05,0.008799274555727632
592,6.345453125715753e-15,1.6544432639516595e-05,0.008863404389044342
593,5.438959822042074e-15,1.6572380437776252e-05,0.008783178336451113
594,5.62025848277681e-15,1.6600328240568373e-05,0.00922570318184145
595,5.62025848277681e-15,1.662827604680517e-05,0.008820489560263114
596,5.801557143511546e-15,1.665622385666794e-05,0.009216450122544288
597,6.1641544649810174e-15,1.668417166961279e-05,0.008969190646993917
598,6.526751786450488e-15,1.6712119486546205e-05,0.008910259831861852
599,6.526751786450488e-15,1.674006730783079e-05,0.009084590351943722
600,6.526751786450488e-15,1.6768015131834854e-05,0.00858405915954427
601,6.526751786450488e-15,1.6795962960552688e-05,0.008894734817479832
602,6.88934910791996e-15,1.6823910793440387e-05,0.008376724604685354
603,6.88934910791996e-15,1.6851858630679254e-05,0.008347837044462254
604,7.251946429389432e-15,1.68798064706376e-05,0.008224381871789904
605,7.795842411593639e-15,1.6907754314947116e-05,0.007702524308199214
606,7.433245090124167e-15,1.6935702162701307e-05,0.007880922926620225
607,8.15843973306311e-15,1.696365001426277e-05,0.007174609694927196
608,8.15843973306311e-15,1.6991597869087605e-05,0.007182006587498694
609,8.521037054532582e-15,1.701954572844491e-05,0.0067787096950345065
610,8.702335715267318e-15,1.704749359106559e-05,0.00631192125520826
611,8.15843973306311e-15,1.707544145749354e-05,0.006328999781662075
612,8.702335715267318e-15,1.710338932736617e-05,0.005544198215697946
613,9.427530358206262e-15,1.7131337201408664e-05,0.0055896463544191895
614,9.246231697471526e-15,1.7159285079077135e-05,0.004970033738153006
615,7.795842411593639e-15,1.7187232960552877e-05,0.004627456845557049
616,7.977141072328375e-15,1.721518084565459e-05,0.004477840682312587
617,7.977141072328375e-15,1.724312873528877e-05,0.003734037753076923
618,8.15843973306311e-15,1.727107662764243e-05,0.0038129519280842607
619,7.614543750858903e-15,1.7299024524528558e-05,0.003075656835225989
620,6.526751786450488e-15,1.7326972425765853e-05,0.0029099778155010263
621,5.62025848277681e-15,1.735492032917873e-05,0.0026147176385598572
622,5.438959822042074e-15,1.738286823676148e-05,0.00202332641141071
623,5.0763625005726024e-15,1.741081614923929e-05,0.0021241923037649004
624,5.257661161307338e-15,1.7438764065524373e-05,0.0013859804770244301
625,4.895063839837867e-15,1.7466711983985043e-05,0.001425242266282928
626,5.62025848277681e-15,1.7494659906978175e-05,0.0010300256431754118
627,6.345453125715753e-15,1.752260783432248e-05,0.0006789390741402846
628,6.526751786450488e-15,1.7550555765474054e-05,0.0007848582055133576
629,6.526751786450488e-15,1.7578503699345105e-05,0.00016082122320071413
630,6.88934910791996e-15,1.7606451637929926e-05,0.00040254131887394127
631,7.614543750858903e-15,1.763439957977812e-05,2.9243203203155804e-05
632,7.614543750858903e-15,1.766234752652138e-05,8.742660512061522e-05
633,7.795842411593639e-15,1.7690295476165414e-05,4.804967087845565e-06
634,7.614543750858903e-15,1.7718243429798023e-05,0.00041014762713676226
635,8.15843973306311e-15,1.774619138651271e-05,7.439034795774227e-07
636,8.339738393797847e-15,1.7774139347941158e-05,0.00039909604450260846
637,8.15843973306311e-15,1.7802087311545194e-05,0.00015439266465551142
638,7.795842411593639e-15,1.783003528022559e-05,9.201548690581419e-05
639,7.795842411593639e-15,1.7857983251988064e-05,0.00023704123109076519
640,8.702335715267318e-15,1.7885931228101706e-05,0.00027685145910499577
641,8.339738393797847e-15,1.791387920766002e-05,2.4208977925735632e-05
642,7.977141072328375e-15,1.7941827191750806e-05,0.0004885590758715104
643,7.795842411593639e-15,1.7969775179104964e-05,0.0005111745082634937
644,8.15843973306311e-15,1.7997723170628992e-05,0.0006553146220247005
645,8.15843973306311e-15,1.802567116614159e-05,0.0011918543391857648
646,8.339738393797847e-15,1.8053619164373667e-05,0.0010345307142828068
647,8.339738393797847e-15,1.8081567166956915e-05,0.0017393952602617361
648,8.15843973306311e-15,1.8109515172803535e-05,0.0017202684933279515
649,8.339738393797847e-15,1.8137463183363923e-05,0.00213012141523661
650,8.883634376002054e-15,1.8165411197550283e-05,0.002602941529462242
651,8.521037054532582e-15,1.819335921536262e-05,0.0026111996292766983
652,8.15843973306311e-15,1.8221307237707417e-05,0.0034009823011087784
653,7.070647768654696e-15,1.824925526349689e-05,0.003345369622981023
654,7.433245090124167e-15,1.8277203292549744e-05,0.003959224562514557
655,7.070647768654696e-15,1.8305151325772464e-05,0.004292813754874661
656,6.708050447185224e-15,1.8333099362621157e-05,0.0044619463503860765
657,7.614543750858903e-15,1.836104740218933e-05,0.005213961183767466
658,7.251946429389432e-15,1.8388995445020878e-05,0.005132017041125867
659,6.88934910791996e-15,1.8416943492747493e-05,0.005858697602112198
660,7.251946429389432e-15,1.8444891544643973e-05,0.006001431117280028
661,6.88934910791996e-15,1.8472839600347727e-05,0.0063029455477564365
662,6.88934910791996e-15,1.8500787659858753e-05,0.006898510168551348
663,7.070647768654696e-15,1.8528735723358348e-05,0.0068025856971117545
664,7.795842411593639e-15,1.8556683789577427e-05,0.007533662914622583
665,7.795842411593639e-15,1.8584631860510268e-05,0.007465655301620917
666,7.614543750858903e-15,1.861257993506908e-05,0.007853148008288366
667,7.251946429389432e-15,1.8640528013979065e-05,0.008197528462762014
668,6.88934910791996e-15,1.8668476096152422e-05,0.008100217904319973
669,6.88934910791996e-15,1.8696424181589154e-05,0.008724839773192293
670,7.795842411593639e-15,1.872437227246485e-05,0.008459481448560858
671,7.795842411593639e-15,1.8752320366422622e-05,0.008875861250912387
672,7.614543750858903e-15,1.878026846309987e-05,0.008914591203307171
673,7.614543750858903e-15,1.88082165630405e-05,0.008827880007456917
674,7.977141072328375e-15,1.883616466805749e-05,0.009249033425653874
675,8.521037054532582e-15,1.886411277670045e-05,0.008828891021403962
676,7.977141072328375e-15,1.889206088842549e-05,0.009213809309979927
677,8.339738393797847e-15,1.8920009004864296e-05,0.00894184371505888
678,7.977141072328375e-15,1.8947957124747775e-05,0.008876872086687448
679,7.795842411593639e-15,1.8975905248619826e-05,0.009027040314178785
680,7.433245090124167e-15,1.9003853376299148e-05,0.008515971446926734
681,7.251946429389432e-15,1.9031801508329638e-05,0.00881311869073772
682,7.795842411593639e-15,1.9059749643442206e-05,0.008274955050963517
683,7.795842411593639e-15,1.908769778290594e-05,0.00824150842552278
684,7.795842411593639e-15,1.911564592581435e-05,0.008094870537329192
685,8.15843973306311e-15,1.9143594073255225e-05,0.007568372066900441
686,7.614543750858903e-15,1.917154222341558e-05,0.007732680091378718
687,7.251946429389432e-15,1.919949037738321e-05,0.007013817877360145
688,6.708050447185224e-15,1.9227438534976813e-05,0.007018927116234242
689,6.526751786450488e-15,1.9255386696921582e-05,0.006597137666968772
690,6.708050447185224e-15,1.9283334862673623e-05,0.006132328573692673
691,6.526751786450488e-15,1.9311283032232934e-05,0.006136814072903846
692,6.526751786450488e-15,1.933923120559952e-05,0.005348877067262913
693,6.1641544649810174e-15,1.9367179381322987e-05,0.005394678803226746
694,6.1641544649810174e-15,1.939512756194152e-05,0.004764261806601331
695,5.438959822042074e-15,1.942307574636732e-05,0.004430113114617192
696,4.895063839837867e-15,1.9451023934600396e-05,0.004271343705941736
697,4.713765179103131e-15,1.947897212664074e-05,0.003534184396739172
698,4.713765179103131e-15,1.9506920321763167e-05,0.0036159755432773515
699,3.625973214694716e-15,1.9534868521780655e-05,0.002877300838909669
700,4.351167857633659e-15,1.9562816725424114e-05,0.002725383871012215
701,5.0763625005726024e-15,1.9590764933056147e-05,0.002425931620591715
702,4.713765179103131e-15,1.9618713143951553e-05,0.0018499028092490242
703,4.532466518368395e-15,1.9646661358472935e-05,0.001955616478428541
704,4.895063839837867e-15,1.967460957625769e-05,0.0012256155991439697
705,4.532466518368395e-15,1.9702557798393614e-05,0.0012819807912726622
706,4.532466518368395e-15,1.9730506024155513e-05,0.0008883294921690315
707,4.532466518368395e-15,1.9758454253543383e-05,0.0005590275332344863
708,5.438959822042074e-15,1.978640248655723e-05,0.0006709234390671356
709,5.801557143511546e-15,1.981435072374094e-05,6.328528799865433e-05
710,5.801557143511546e-15,1.9842298965094523e-05,0.0003228129352694025
711,5.9828558042462816e-15,1.9870247209167587e-05,0.0001017950661114381
712,6.1641544649810174e-15,1.9898195457773114e-05,0.00013498776218917618
713,7.070647768654696e-15,1.9926143709823317e-05,3.660146680785849e-05
714,7.251946429389432e-15,1.9954091965862093e-05,0.0004296407082366525
715,7.433245090124167e-15,1.9982040225889435e-05,4.599499030002673e-06
716,7.070647768654696e-15,2.000998848990535e-05,0.00039129274358558233
717,7.251946429389432e-15,2.003793675718464e-05,0.00012211027504480373
718,6.708050447185224e-15,2.0065885028452504e-05,5.4303629506947944e-05
719,7.433245090124167e-15,2.0093833304252833e-05,0.00017534550009013638
720,6.526751786450488e-15,2.012178158259134e-05,0.0003494225134798236
721,6.345453125715753e-15,2.0149729865462315e-05,6.257328406267006e-05
722,6.708050447185224e-15,2.017767815123407e-05,0.0005955896354778078
723,6.88934910791996e-15,2.0205626441356993e-05,0.0006221579232783057
724,6.88934910791996e-15,2.0233574735468484e-05,0.0007887115146106466
725,7.251946429389432e-15,2.026152303320595e-05,0.0013295596090850464
726,7.433245090124167e-15,2.0289471334931986e-05,0.001186639781005089
727,6.708050447185224e-15,2.0317419640102698e-05,0.001904348358416264
728,7.251946429389432e-15,2.034536794908068e-05,0.001887154805123872
729,7.433245090124167e-15,2.0373316261684636e-05,0.002314546153729957
730,7.433245090124167e-15,2.0401264577914566e-05,0.0027844408491930826
731,7.433245090124167e-15,2.042921289777047e-05,0.002804966753627136
732,7.614543750858903e-15,2.0457161221433645e-05,0.003598085690210581
733,7.795842411593639e-15,2.0485109549085387e-05,0.0035420882390412587
734,8.15843973306311e-15,2.0513057880907002e-05,0.004166064196220529
735,8.15843973306311e-15,2.0541006216717186e-05,0.004490064971142117
736,8.521037054532582e-15,2.056895455542815e-05,0.0046674531644563646
737,8.15843973306311e-15,2.0596902898127684e-05,0.005412662943825332
738,8.339738393797847e-15,2.0624851244815787e-05,0.005328001735940622
739,9.06493303673679e-15,2.0652799596761553e-05,0.0060559076707418814
740,8.883634376002054e-15,2.06807479510642e-05,0.006184034677700931
741,9.246231697471526e-15,2.0708696309355422e-05,0.006488648567550369
742,9.427530358206262e-15,2.073664467145391e-05,0.0070682733643398655
743,9.790127679675733e-15,2.0764593037722272e-05,0.006967609689287643
744,1.033402366187994e-14,2.0792541407616605e-05,0.0076907868904753825
745,1.0152725001145205e-14,2.0820489780593013e-05,0.007605517704636087
746,9.971426340410469e-15,2.0848438157739292e-05,0.007990643440823378
747,1.033402366187994e-14,2.087638653941804e-05,0.00831246782220903
748,1.0152725001145205e-14,2.090433492436016e-05,0.008209043169312534
749,9.971426340410469e-15,2.0932283313290853e-05,0.008817722760669557
750,9.790127679675733e-15,2.0960231705847518e-05,0.008535096043428916
751,1.033402366187994e-14,2.098818010166756e-05,0.008944117250715014
752,9.427530358206262e-15,2.1016128501838768e-05,0.00895728261029722
753,9.790127679675733e-15,2.104407690563595e-05,0.008864014059076915
754,9.790127679675733e-15,2.1072025312333912e-05,0.009263495918937912
755,1.033402366187994e-14,2.1099973724108237e-05,0.008828609072526394
756,9.427530358206262e-15,2.1127922139327235e-05,0.00920230207705551
757,9.06493303673679e-15,2.1155870557990906e-05,0.00890582811219232
758,8.702335715267318e-15,2.1183818981005748e-05,0.008834934330457076
759,7.977141072328375e-15,2.121176740764656e-05,0.008960976484662054
760,7.433245090124167e-15,2.1239715838457244e-05,0.008439786915618263
761,7.795842411593639e-15,2.1267664272893898e-05,0.008723451799273998
762,7.977141072328375e-15,2.129561271077523e-05,0.008165658726430366
763,7.614543750858903e-15,2.1323561152282535e-05,0.008127945433339735
764,7.614543750858903e-15,2.1351509597415812e-05,0.007958499082932972
765,7.614543750858903e-15,2.137945804635636e-05,0.007427951704058499
766,8.15843973306311e-15,2.1407406500010675e-05,0.007578438560155122
767,7.795842411593639e-15,2.143535495638447e-05,0.0068477921168196764
768,7.977141072328375e-15,2.1463303417472026e-05,0.006851033296611028
769,7.977141072328375e-15,2.1491251881460366e-05,0.006411410003261483
770,7.251946429389432e-15,2.1519200349255976e-05,0.005949265542064369
771,7.070647768654696e-15,2.1547148821040156e-05,0.005941615874673829
772,6.526751786450488e-15,2.1575097296812906e-05,0.005151430287889351
773,6.345453125715753e-15,2.1603045775486435e-05,0.005198064422598988
774,6.1641544649810174e-15,2.163099425887373e-05,0.004557683170311924
775,6.1641544649810174e-15,2.1658942745343103e-05,0.004232642467947017
776,6.88934910791996e-15,2.168689123616364e-05,0.004065303275398755
777,7.795842411593639e-15,2.171483973115405e-05,0.0033356635520463956
778,7.251946429389432e-15,2.174278822886394e-05,0.0034207925492394484
779,7.070647768654696e-15,2.1770736731287592e-05,0.0026816239567986574
780,6.526751786450488e-15,2.179868523751852e-05,0.0025440386932624928
781,6.345453125715753e-15,2.1826633747194118e-05,0.00224101765493789
782,7.070647768654696e-15,2.185458226085829e-05,0.001681087293781291
783,7.251946429389432e-15,2.1882530778329734e-05,0.00179201916488378
784,7.795842411593639e-15,2.191047929942715e-05,0.00107101651983296
785,8.883634376002054e-15,2.1938427824694432e-05,0.0011448501414028987
786,8.883634376002054e-15,2.1966376353043795e-05,0.0007533291311555563
787,8.883634376002054e-15,2.1994324885563025e-05,0.00044629914635804373
788,8.883634376002054e-15,2.202227342062044e-05,0.0005643958312356028
789,9.246231697471526e-15,2.2050221960754214e-05,2.628036720720275e-05
790,9.246231697471526e-15,2.2078170505057858e-05,0.0002511493962757937
791,8.702335715267318e-15,2.2106119052080983e-05,0.00016586977833207462
792,9.246231697471526e-15,2.2134067603092678e-05,0.0001739074784887194
793,9.971426340410469e-15,2.216201615827424e-05,6.932040420154808e-05
794,1.033402366187994e-14,2.2189964718169574e-05,0.00044019281544528465
795,9.06493303673679e-15,2.2217913280603084e-05,2.886332400764599e-07
796,9.427530358206262e-15,2.2245861847206464e-05,0.0003745578623346442
797,9.06493303673679e-15,2.2273810417073217e-05,8.108400794592697e-05
798,8.339738393797847e-15,2.230175899056595e-05,7.983870142542285e-06
799,9.608829018940997e-15,2.232970756895374e-05,0.00010513080698436843
800,9.246231697471526e-15,2.2357656150967506e-05,0.0004300539211640117
801,9.608829018940997e-15,2.238560473624465e-05,0.00015734599317619274
802,9.790127679675733e-15,2.241355332551036e-05,0.0007100941404823938
803,9.427530358206262e-15,2.2441501918583343e-05,0.0007403194421839177
804,9.427530358206262e-15,2.24694505156449e-05,0.0009288764727965776
805,9.246231697471526e-15,2.2497399116332426e-05,0.0014733904651590053
806,8.702335715267318e-15,2.2525347721189823e-05,0.001344559700467123
807,8.339738393797847e-15,2.2553296329310596e-05,0.0020743420730493355
808,7.795842411593639e-15,2.2581244942145135e-05,0.0020586703324589908
809,8.339738393797847e-15,2.2609193557699155e-05,0.0025029365787016967
810,8.521037054532582e-15,2.263714217742304e-05,0.0029691880457462082
811,9.06493303673679e-15,2.2665090800047708e-05,0.0030014781042913526
812,8.339738393797847e-15,2.2693039426660942e-05,0.0037970272975417036
813,8.339738393797847e-15,2.272098805726275e-05,0.0037401785878921623
814,8.521037054532582e-15,2.2748936691671828e-05,0.0043734593346552155
815,7.977141072328375e-15,2.277688532988818e-05,0.00468719584843557
816,8.339738393797847e-15,2.2804833971911803e-05,0.00487223296059481
817,8.339738393797847e-15,2.28327826171988e-05,0.005609739018472358
818,8.521037054532582e-15,2.286073126683697e-05,0.005521908361282361
819,8.339738393797847e-15,2.2888679920645002e-05,0.00625018999605329
820,8.15843973306311e-15,2.2916628577897715e-05,0.006363180817691869
821,8.339738393797847e-15,2.2944577238776397e-05,0.006670282236324422
822,9.06493303673679e-15,2.297252590400625e-05,0.007233220115779429
823,8.883634376002054e-15,2.3000474573587266e-05,0.007127447924622338
824,9.427530358206262e-15,2.3028423245706468e-05,0.007841965189741791
825,9.06493303673679e-15,2.3056371921089044e-05,0.007739126138984802
826,9.06493303673679e-15,2.3084320601185385e-05,0.008121359869086487
827,8.883634376002054e-15,2.3112269284726402e-05,0.008420152494461559
828,9.246231697471526e-15,2.3140217972618584e-05,0.008310386209055892
829,9.246231697471526e-15,2.3168166663411546e-05,0.00890256609466517
830,8.883634376002054e-15,2.3196115357467884e-05,0.008602622670844702
831,7.977141072328375e-15,2.3224064056600586e-05,0.009003920786956433
832,8.15843973306311e-15,2.3252012759721858e-05,0.008991391514618313
833,8.702335715267318e-15,2.3279961465743906e-05,0.008891518320797338
834,8.339738393797847e-15,2.3307910176298424e-05,0.009269061093058261
835,7.977141072328375e-15,2.3335858890478913e-05,0.008819642891784
836,7.795842411593639e-15,2.3363807607378884e-05,0.009181954696235511
837,8.15843973306311e-15,2.339175632863002e-05,0.008861204603946371
838,7.795842411593639e-15,2.3419705054051028e-05,0.00878453207784419
839,9.246231697471526e-15,2.3447653783823202e-05,0.008886518090329412
840,9.06493303673679e-15,2.347560251685875e-05,0.008355650059111874
841,8.521037054532582e-15,2.3503551253520274e-05,0.008625904935402086
842,8.521037054532582e-15,2.3531499992901278e-05,0.008049035470036079
843,8.339738393797847e-15,2.355944873663345e-05,0.00800736864428545
844,8.339738393797847e-15,2.3587397484898087e-05,0.00781551771483652
845,8.702335715267318e-15,2.3615346236969996e-05,0.007281531714031424
846,7.977141072328375e-15,2.364329499266788e-05,0.0074184887029859
847,8.15843973306311e-15,2.3671243751991736e-05,0.006676842124297526
848,8.15843973306311e-15,2.369919251548546e-05,0.006678648280868347
849,8.702335715267318e-15,2.3727141282423862e-05,0.0062218705578308865
850,9.427530358206262e-15,2.3755090052988235e-05,0.005763084528103211
851,1.0152725001145205e-14,2.3783038827903775e-05,0.005743771802169327
852,1.0152725001145205e-14,2.3810987606082693e-05,0.004952231399761853
853,1.0515322322614677e-14,2.3838936387887583e-05,0.005000180701071082
854,1.0152725001145205e-14,2.3866885173681042e-05,0.004350683501814092
855,9.427530358206262e-15,2.3894833963825672e-05,0.00403542763221155
856,1.0152725001145205e-14,2.3922782757414976e-05,0.003860106349784939
857,1.033402366187994e-14,2.3950731553542457e-05,0.003138855713507073
858,1.0696620983349412e-14,2.3978680354565007e-05,0.003227777257964449
859,1.0877919644084148e-14,2.400662915903223e-05,0.002488994614292116
860,1.1421815626288356e-14,2.4034577967488024e-05,0.002366296200740991
861,1.250960759069677e-14,2.406252677920719e-05,0.002060322786327916
862,1.287220491216624e-14,2.4090475595277527e-05,0.0015172079890908104
863,1.3053503572900977e-14,2.4118424415336438e-05,0.0016337131308654528
864,1.3416100894370448e-14,2.414637323865872e-05,0.0009224769400259082
865,1.3959996876574656e-14,2.417432206524438e-05,0.0010141197782977398
866,1.4866490180248335e-14,2.4202270896543803e-05,0.0006252766720316676
867,1.5047788840983072e-14,2.4230219730562708e-05,0.00034097732780471166
868,1.46851915195136e-14,2.4258168569476676e-05,0.0004654767305645584
869,1.46851915195136e-14,2.4286117412016617e-05,0.00010770342945910621
870,1.46851915195136e-14,2.431406625872643e-05,0.00018769276728562137
871,1.4866490180248335e-14,2.434201510924351e-05,0.00022135058620388297
872,1.46851915195136e-14,2.436996396302397e-05,0.00020410329707188973
873,1.4866490180248335e-14,2.4397912820792997e-05,9.329464400167025e-05
874,1.4866490180248335e-14,2.4425861682369298e-05,0.00044178086615765294
875,1.5047788840983072e-14,2.445381054793417e-05,1.391237544743732e-05
876,1.5229087501717807e-14,2.4481759416762417e-05,0.0003489286769600772
877,1.4141295537309392e-14,2.4509708290123132e-05,3.138585791713973e-05
878,1.4503892858778863e-14,2.4537657166384623e-05,4.684731555770107e-05
879,1.46851915195136e-14,2.456560604717858e-05,2.65272609707261e-05
880,1.4141295537309392e-14,2.459355493087332e-05,0.0005185887906716595
881,1.3234802233635712e-14,2.462150381837533e-05,0.0002599242157547478
882,1.287220491216624e-14,2.464945270986591e-05,0.000831857950823932
883,1.287220491216624e-14,2.4677401605888953e-05,0.0008654244807609621
884,1.250960759069677e-14,2.470535050499408e-05,0.001075546966241698
885,1.250960759069677e-14,2.4733299407725174e-05,0.0016230665364535394
886,1.3053503572900977e-14,2.4761248314988738e-05,0.0015079879432247912
887,1.287220491216624e-14,2.4789197226240872e-05,0.002249053975267776
888,1.3053503572900977e-14,2.4817146140212487e-05,0.002234480232248215
889,1.3053503572900977e-14,2.484509505835397e-05,0.002694939604669671
890,1.2690906251431506e-14,2.487304397921493e-05,0.0031568238845699507
891,1.2328308929962035e-14,2.490099290460836e-05,0.0032003617436200016
892,1.287220491216624e-14,2.4928941833809062e-05,0.003997428384735892
893,1.287220491216624e-14,2.4956890767179632e-05,0.003939258863774713
894,1.287220491216624e-14,2.4984839704720074e-05,0.004581022015984527
895,1.1784412947757827e-14,2.5012788644979993e-05,0.004883824530603676
896,1.1965711608492563e-14,2.504073758977238e-05,0.0050759023708525685
897,1.1421815626288356e-14,2.5068686538734633e-05,0.005804813495506675
898,1.1059218304818884e-14,2.5096635490416368e-05,0.005713367705691507
899,1.1603114287023092e-14,2.5124584447174466e-05,0.006441181938553796
900,1.2147010269227299e-14,2.5152533406652045e-05,0.0065385237816565
901,1.2147010269227299e-14,2.5180482370662087e-05,0.006847510248830862
902,1.250960759069677e-14,2.5208431337935506e-05,0.00739303461483299
903,1.250960759069677e-14,2.52363803086536e-05,0.007281800056980605
904,1.250960759069677e-14,2.526432928299767e-05,0.00798691575303201
905,1.2690906251431506e-14,2.52922782622368e-05,0.007866223232683442
906,1.2690906251431506e-14,2.5320227245464503e-05,0.008245058450931824
907,1.3053503572900977e-14,2.5348176231049087e-05,0.00852037380856474
908,1.3416100894370448e-14,2.5376125220440945e-05,0.008404060281663532
909,1.3416100894370448e-14,2.540407421400267e-05,0.00897921051668602
910,1.377869821583992e-14,2.543202321119037e-05,0.008661930763433518
911,1.377869821583992e-14,2.5459972213091833e-05,0.009055165902298922
912,1.3597399555105184e-14,2.5487921217712778e-05,0.009016846916484344
913,1.3416100894370448e-14,2.5515870227228787e-05,0.008910346910196916
914,1.3234802233635712e-14,2.554381924018947e-05,0.009265715922086151
915,1.287220491216624e-14,2.5571768256776124e-05,0.008802008105062688
916,1.2328308929962035e-14,2.5599717276444857e-05,0.0091528099055527
917,1.2690906251431506e-14,2.5627666299739565e-05,0.008808050154773423
918,1.2147010269227299e-14,2.5655615327204138e-05,0.008725766780418942
919,1.2147010269227299e-14,2.568356435938248e-05,0.008803800023788638
920,1.250960759069677e-14,2.5711513394824196e-05,0.008263720499382558
921,1.287220491216624e-14,2.573946243443578e-05,0.008520663597732443
922,1.250960759069677e-14,2.5767411477492042e-05,0.007925299059724975
923,1.250960759069677e-14,2.579536052489947e-05,0.00788001188839971
924,1.250960759069677e-14,2.5823309575388975e-05,0.007666189113866681
925,1.287220491216624e-14,2.5851258630592244e-05,0.007129392146573009
926,1.3416100894370448e-14,2.587920768887759e-05,0.007253131630123941
927,1.3053503572900977e-14,2.5907156751695406e-05,0.006501287200448639
928,1.377869821583992e-14,2.5935105817776597e-05,0.00650210379458921
929,1.287220491216624e-14,2.5963054886939864e-05,0.006028870569829713
930,1.3416100894370448e-14,2.5991003959910405e-05,0.005574144090363791
931,1.432259419804413e-14,2.601895303705081e-05,0.0055436535488842375
932,1.46851915195136e-14,2.6046902118904986e-05,0.00475165763489321
933,1.5047788840983072e-14,2.607485120474773e-05,0.0048014076369147715
934,1.432259419804413e-14,2.610280029258476e-05,0.004143649562354638
935,1.432259419804413e-14,2.613074938567945e-05,0.0038388511102874544
936,1.3959996876574656e-14,2.615869848149362e-05,0.0036561384015569155
937,1.432259419804413e-14,2.618664758147766e-05,0.0029441384974741025
938,1.432259419804413e-14,2.6214596686175465e-05,0.003037299904829654
939,1.4141295537309392e-14,2.624254579359275e-05,0.0022997757366021083
940,1.432259419804413e-14,2.6270494904998606e-05,0.0021925035814876694
941,1.3234802233635712e-14,2.6298444019667837e-05,0.001884186105733428
942,1.3597399555105184e-14,2.632639313941343e-05,0.0013585838556674722
943,1.3053503572900977e-14,2.63543422622411e-05,0.001481000978597487
944,1.3053503572900977e-14,2.6382291388876043e-05,0.0007802792124054391
945,1.2147010269227299e-14,2.6410240518411763e-05,0.0008900468815959789
946,1.1421815626288356e-14,2.6438189653205148e-05,0.0005044109680869367
947,1.0877919644084148e-14,2.646613879053671e-05,0.00024327139504563171
948,1.124051696555362e-14,2.6494087931856845e-05,0.00037435275193645375
949,1.1784412947757827e-14,2.652203707716555e-05,0.00018082705570164804
950,1.1421815626288356e-14,2.654998622610023e-05,0.0001325691871996127
951,1.1784412947757827e-14,2.657793537829828e-05,0.00026813721036097256
952,1.1603114287023092e-14,2.6605884534847504e-05,0.0002255095584393395
953,1.1421815626288356e-14,2.6633833695385297e-05,0.00010848394674367033
954,1.0515322322614677e-14,2.666178285991166e-05,0.0004343989068825345
955,1.124051696555362e-14,2.6689732027701396e-05,3.624659796474504e-05
956,9.971426340410469e-15,2.671768119893581e-05,0.0003144594840352151
957,9.608829018940997e-15,2.6745630374702692e-05,2.6895417315605296e-05
958,1.0152725001145205e-14,2.677357955482074e-05,0.00011007702193865831
959,1.033402366187994e-14,2.680152873838346e-05,6.031901384891625e-05
960,1.1059218304818884e-14,2.682947792502826e-05,0.0006148548887391935
961,1.1059218304818884e-14,2.6857427115842928e-05,0.0003701082125339624
962,1.124051696555362e-14,2.6885376309377076e-05,0.0009606524257549888
963,1.1059218304818884e-14,2.6913325507262394e-05,0.0009972252228121086
964,1.1059218304818884e-14,2.6941274709498877e-05,0.0012284481400875993
965,1.0515322322614677e-14,2.6969223915542634e-05,0.0017782962265805416
966,1.1059218304818884e-14,2.6997173125212363e-05,0.0016766117323278465
967,1.0515322322614677e-14,2.702512233796417e-05,0.002428152612395818
968,1.0696620983349412e-14,2.7053071554885847e-05,0.002414241709700312
969,1.033402366187994e-14,2.708102077615869e-05,0.002890195429935221
970,1.0152725001145205e-14,2.7108969999969716e-05,0.003346983734901413
971,1.0152725001145205e-14,2.7136919229400998e-05,0.0034012415741560696
972,1.0877919644084148e-14,2.7164868461914358e-05,0.004198907494809602
973,1.124051696555362e-14,2.7192817698053694e-05,0.004138945743392659
974,1.1421815626288356e-14,2.7220766937637702e-05,0.004788364126733632
975,1.1421815626288356e-14,2.724871618121028e-05,0.0050795703231046145
976,1.2147010269227299e-14,2.727666542859013e-05,0.005278080468347786
977,1.1784412947757827e-14,2.7304614678508164e-05,0.005997514327273615
978,1.1784412947757827e-14,2.7332563934046455e-05,0.005902015567962609
979,1.250960759069677e-14,2.736051319266682e-05,0.006628527169179357
980,1.2328308929962035e-14,2.738846245527576e-05,0.006709725229121868
981,1.1784412947757827e-14,2.741641172169197e-05,0.007020004837750971
982,1.1784412947757827e-14,2.744436099119026e-05,0.007547410771009165
983,1.1784412947757827e-14,2.7472310264858412e-05,0.007430376381377508
984,1.1784412947757827e-14,2.7500259542515142e-05,0.008125368222910753
985,1.1421815626288356e-14,2.7528208825610827e-05,0.007986564065903704
986,1.1421815626288356e-14,2.75561581107008e-05,0.008361513610202933
987,1.1603114287023092e-14,2.758410739996064e-05,0.008612937116140354
988,1.0696620983349412e-14,2.7612056693027754e-05,0.008489893240077222
989,1.0515322322614677e-14,2.7640005989539542e-05,0.00904751204313867
990,1.1603114287023092e-14,2.76679552898586e-05,0.00871290534256936
991,1.1784412947757827e-14,2.7695904594891427e-05,0.009097762638427246
992,1.1421815626288356e-14,2.772385390300633e-05,0.009033594042774824
993,1.1603114287023092e-14,2.7751803214928504e-05,0.008920470312797526
994,1.1965711608492563e-14,2.777975253065795e-05,0.00925346394741172
995,1.1784412947757827e-14,2.780770184983207e-05,0.008775736758605856
996,1.1784412947757827e-14,2.7835651172450864e-05,0.009114926829936683
997,1.1784412947757827e-14,2.7863600498695634e-05,0.00874645779291549
998,1.1965711608492563e-14,2.789154982947287e-05,0.008658755640815414
999,1.124051696555362e-14,2.791949916369478e-05,0.008712972602217215
1000,1.1784412947757827e-14,2.7947448501905257e-05,0.00816417269788217
