period,dK_RK4,dPx_RK4,dK_Boris,dPx_Boris,dK_SP-PINN (frozen),dPx_SP-PINN (frozen),dK_SP-PINN (time-coord),dPx_SP-PINN (time-coord)
1,1.5459915125859425e-08,3.1665689670390407e-07,0.0004807799716397554,0.006797849384794441,0.021362110875502438,1.7303623474074215e-06,7.693030351418884e-06,7.576769893269386e-06
4,2.985485070272631e-08,1.4786434077151966e-08,1.7732482149313e-12,0.0016338357125711411,6.967461074758319e-08,6.542276276277903e-09,3.5451205009362496e-06,4.2843767240619e-06
7,1.4394789360494542e-08,3.0187065336306773e-07,0.0004809186701075774,0.005699907414838279,0.021506383654793737,1.6863340044359632e-06,1.2376029476790507e-05,2.9569699013798356e-06
10,4.421675470211994e-08,2.8708326205162393e-07,0.0004974738570604487,0.0004946795115896574,0.0002656016015505358,1.666903367558703e-06,6.63650835708296e-06,5.072139395156938e-06
13,7.410466462687282e-08,2.722975462887689e-07,0.00048175674155803705,0.006675667341791369,0.021364300611510068,1.6307595729347923e-06,1.3753950785400093e-05,3.3359091382578754e-06
16,1.1941939126458578e-07,5.914569189968688e-08,2.7830293625186187e-11,0.0065268794848676315,4.7781268497359974e-08,5.858033835792753e-09,4.872892370832993e-06,7.897363525355416e-06
19,1.0395936378415627e-07,2.575112825198289e-07,0.00047989597140052354,0.005821483236324809,0.021504189297313125,1.626374298790978e-06,1.2124452261730312e-05,5.110158662890996e-07
22,1.3378132379671115e-07,2.42723878329798e-07,0.000497473856101216,0.00043401836630252433,0.0002639707518881096,1.6195915195638122e-06,4.887628250571652e-06,1.8602350073670948e-06
25,1.6366922928057193e-07,2.2793807064047655e-07,0.00048268264030504326,0.006555846107103358,0.02136643791264614,1.693644369415992e-06,1.2915680026814869e-05,3.5722733855436672e-06
28,2.0898391250856463e-07,1.035049814746003e-07,6.0499160126070706e-09,0.01138075061846533,8.876908874633216e-08,3.492588218634296e-09,7.927055147405326e-06,8.330123502986453e-06
31,1.9352391511517908e-07,2.1315239084884752e-07,0.00047881735178734175,0.005945453541057688,0.021502198554307128,1.74594419855012e-06,9.60603486177547e-06,4.075459433039441e-06
34,2.2334586979866344e-07,1.983646287229135e-07,0.0004974738481520191,0.00037333848526888147,0.0002623679735700435,1.5944946589740994e-06,9.922382524507611e-07,7.390908284055087e-06
37,2.532337708416321e-07,1.835789058546311e-07,0.00048356017736495005,0.006438296479214012,0.02136863872157413,1.6853073265821195e-06,8.876652218603454e-06,5.907128335369549e-06
40,2.985484170991981e-07,1.4786430879709656e-07,8.301920684239406e-08,0.01614911023742427,1.2742343624694286e-08,3.1890617702146073e-08,3.8824859702746295e-06,7.4437515933389875e-06
43,2.83088454011704e-07,1.6879233921685e-07,0.0004776798770125268,0.006071914520219046,0.02150004233356473,1.6043281825250943e-06,1.3841333390551824e-05,5.568449627180172e-06
46,3.1291040336611786e-07,1.540046139503204e-07,0.0004974738206966478,0.00031262819883770554,0.00026078388992623047,1.6616129889790443e-06,6.735657036571752e-06,5.818350484076973e-06
49,3.4279830085637286e-07,1.392190802640414e-07,0.0004843917309687029,0.006322933385243035,0.021370810542926222,1.660417256355018e-06,1.3479467404486911e-05,2.4832721803313973e-06
52,3.8811290736795456e-07,1.9222410641006604e-07,4.888683349246747e-07,0.020762057295722558,3.599823805711111e-08,6.156087684061617e-08,5.196498688797568e-06,7.030272735963905e-06
55,3.7265297514466056e-07,1.244325051885653e-07,0.0004764804450001492,0.006200967350861397,0.0214979716888708,1.7165889483194974e-06,1.189767279985432e-05,8.765133745480824e-07
58,4.024749209463607e-07,1.0964596075524469e-07,0.0004974737547183139,0.0002518758302401114,0.00025916261352154635,1.6036490713133844e-06,4.997244468896156e-06,1.381247503928762e-06
61,4.3236281399572363e-07,9.485995455804641e-08,0.00048517955602989105,0.006209675642848689,0.021372967628359163,1.6724132481105158e-06,1.1748433919045453e-05,2.2231476823897367e-06
64,4.776773812054103e-07,2.3658315795316298e-07,1.8428718362439866e-06,0.02512037189344274,4.26650517137972e-08,7.578547389641699e-08,7.70507292546796e-06,6.039992383577442e-06
67,4.622174776258703e-07,8.00736805750546e-08,0.00047521577449582963,0.006332718533845316,0.02149589834453902,1.6675861391757252e-06,8.548863530855044e-06,5.622040096131542e-06
70,4.920394172103215e-07,6.528595974941709e-08,0.0004974736246756706,0.00019106968237303512,0.0002575638563664384,1.6128306425944317e-06,1.1704017657265808e-06,6.696406311679226e-06
73,5.219273040424355e-07,5.049974660664702e-08,0.0004859257915281745,0.00609844573208429,0.021375152037972356,1.714666699959011e-06,1.0836575387251912e-05,2.9958444140998353e-06
76,5.672418342816954e-07,2.8094319004523527e-07,5.202028917294932e-06,0.029098212036871463,4.121046881522261e-08,6.442074163004463e-08,3.8034330023251073e-06,1.088658604198045e-05
79,5.517819614553332e-07,3.571322837458979e-08,0.00047388239287560197,0.0064672802531595686,0.0214937823920911,1.6568987564191673e-06,1.5240677480932163e-05,7.212845722470718e-06
82,5.816038992634276e-07,2.0925859267606484e-08,0.0004974733984450808,0.00013019803459557444,0.0002559742239354179,1.6555828319386734e-06,6.307798896543204e-06,5.220649911485964e-06
85,6.114917816546495e-07,6.1404192841507665e-09,0.00048663246736069254,0.005989169584387444,0.021377349448287397,1.6086955627603317e-06,1.2230782966859977e-05,5.805138600933901e-07
88,6.568062708156575e-07,3.253026827909622e-07,1.1868186238550571e-05,0.03255744769692148,1.746430089433204e-08,3.508389090356445e-08,3.9763989878593975e-06,5.3623244755662824e-06
91,6.413464275212277e-07,8.646342752882674e-09,0.0004724766229591282,0.006604770773466662,0.021491702299546667,1.689262922432988e-06,1.1074317940007461e-05,1.471648051198926e-06
94,6.711683617766084e-07,2.343371230395519e-08,0.0004974730372824254,6.924912657391147e-05,0.0002543537406491936,1.5961243780004963e-06,5.030053721100103e-06,7.979801814883558e-07
97,7.01056241503295e-07,3.8219582387810647e-08,0.0004873015107182965,0.0058817763870009365,0.021379454616195837,1.7492077757363944e-06,1.1250737932400057e-05,1.0724389483129926e-06
100,7.463706929167202e-07,3.6966288563533567e-07,2.2834288221251775e-05,0.03537292579169504,1.1459971205329822e-07,3.6792238145011424e-09,6.12769223207188e-06,4.828397660361361e-06
103,7.309108758235539e-07,5.3006445233094723e-08,0.00047099456880239643,0.006745314859209817,0.021489627643613396,1.6827410280750854e-06,8.56267857862747e-06,5.747577444648044e-06
106,7.607328065262209e-07,6.779384742472416e-08,0.0004974724957591548,8.211156425019794e-06,0.0002527553347091427,1.6210072615319149e-06,1.924542194053913e-06,4.623512102064353e-06
109,7.906206827001938e-07,8.257955386170579e-08,0.0004879347521020705,0.00577619840002308,0.021381732005147036,1.6249950034463723e-06,1.2612773778286623e-05,4.34893356437982e-07
112,8.35935096699103e-07,4.140218790027461e-07,3.805986558091945e-05,0.037461436411382554,5.93944893267917e-11,1.090963852590221e-08,3.8364369983057145e-06,1.3505446947892352e-05
115,8.204753081386684e-07,9.736628103773626e-08,0.0004694321003766433,0.0068890442384610395,0.02148751257001802,1.6367547457374343e-06,1.5783205582486914e-05,7.369625640407662e-06
118,8.502972370649786e-07,1.1215399409181259e-07,0.0004974717217223201,5.2927735549435084e-05,0.00025117523658568786,1.665491792701701e-06,5.3268911193171675e-06,3.167538126902514e-06
121,8.801851087980594e-07,1.2693811601849347e-07,0.0004885339308708936,0.005672370782395797,0.021383798388192155,1.6913944078655874e-06,1.0768726655285832e-05,2.0585479385548666e-06
124,9.254994866036981e-07,4.583813935088443e-07,5.6047313072848937e-05,0.03880250646151895,1.2630691725856735e-07,3.1015239265741457e-09,1.7563832317435413e-06,3.621898057470929e-06
127,9.100397244665714e-07,1.4172510054422105e-07,0.00046778483689902117,0.007036098099797883,0.021485431135226385,1.7234898608275984e-06,1.0213605380116064e-05,1.8127550813762383e-06
130,9.398616480638111e-07,1.5651338602928888e-07,0.0004974706561622355,0.00011417946180625194,0.000249524017851499,1.5556961894258592e-06,5.181572320545058e-06,6.757295536452546e-07
133,9.697495171323567e-07,1.7129875029553432e-07,0.0004891007004212966,0.0055702314390491114,0.0213860568865476,1.690255914787997e-06,1.116328178873971e-05,5.3402869548691e-07
136,1.0150638583006355e-06,5.02741613672697e-07,7.410725888645775e-05,0.03944159982806328,8.125989825469304e-08,2.0361889063735816e-08,3.4500095402734132e-06,4.756010484996409e-06
139,9.996041212545492e-07,1.860852305579641e-07,0.00046604812889849967,0.00718662363842304,0.0214833747575085,1.6391080268629565e-06,9.580687647670061e-06,4.640792405252725e-06
142,1.0294260412990752e-06,2.0087252861067384e-07,0.0004974692331618513,0.0001755560208085427,0.00024798145872839683,1.6897454861997119e-06,2.948282347148279e-06,1.9310466274902183e-06
145,1.059313908591264e-06,2.1565850039095835e-07,0.0004896366330813251,0.005469720861201344,0.021388183909545333,1.6566450165012014e-06,1.4021260795971102e-05,3.5162206093453108e-06
148,1.10462821056867e-06,5.471021449210411e-07,8.921424045293946e-05,0.039475379689221324,8.281133745402514e-08,4.042909451662524e-08,4.253665590425726e-06,1.4619104736546262e-05
151,1.0891685002789586e-06,2.3044568830954404e-07,0.0004642170388082789,0.0073407766329247615,0.021481207360515953,1.673155832770945e-06,1.5001377756007628e-05,5.864146954248639e-06
154,1.118990416770771e-06,2.4523195851777757e-07,0.0004974673797883966,0.00023706948090396196,0.0002463269406085544,1.5845834901995204e-06,4.034651758466623e-06,1.332021386524218e-07
157,1.1488782822866028e-06,2.600170432298654e-07,0.000490143224618933,0.0053707819927204525,0.021390381385756996,1.6767775741222124e-06,9.393983560812558e-06,4.792098456940508e-06
160,1.1941925484038052e-06,5.914593976807936e-07,9.893401579752492e-05,0.039027354349171706,1.6222171483892822e-07,4.194377023480911e-08,7.695194130796779e-07,2.581056675499127e-06
163,1.1787328615397996e-06,2.7480307984717456e-07,0.0004622863198644467,0.007498722111551448,0.021479222624920524,1.7121654991569812e-06,1.0146335990057764e-05,1.4427229735325398e-06
166,1.2085547744788983e-06,2.895903432609259e-07,0.0004974650159645932,0.0002987320028133844,0.00024475494100961726,1.628038694523326e-06,5.447032218164338e-06,1.1891869369229369e-06
169,1.2384426382183733e-06,3.043757144105541e-07,0.0004906218985114563,0.005273360098398516,0.02139253212270642,1.7052820677765368e-06,1.1361647105800898e-05,7.123295433508758e-07
172,1.2837568680312827e-06,6.358181769972049e-07,0.00010195126459833226,0.038224321019257435,1.1598505689214278e-07,1.9195824485507273e-08,3.0976267240134803e-07,5.416036177319228e-06
175,1.2682972059252506e-06,3.1916230081030506e-07,0.00046025039333041917,0.007660635024447693,0.021477033502181442,1.6167065675087855e-06,1.0716070150351698e-05,2.8268088538840885e-06
178,1.2981191197525277e-06,3.339515335376575e-07,0.0004974620543691799,0.0003605558525361374,0.00024314165723549053,1.639175583934005e-06,4.008717440662224e-06,6.585040295270517e-07
181,1.3280069781629322e-06,3.4873706034055374e-07,0.000491074009902448,0.005177402641534545,0.021394756709504748,1.6289684046100206e-06,1.4994483556129978e-05,5.4824554869270514e-06
184,1.373321171782571e-06,6.801801166744781e-07,9.809089339840593e-05,0.03718009123683941,1.615681181066364e-07,1.6478675535225307e-08,4.962258163043742e-06,1.4153828698848514e-05
187,1.357861529882598e-06,3.6352415566653917e-07,0.000458103323746073,0.007826701017675575,0.021475015765776817,1.72265205344857e-06,1.35093566093758e-05,2.9679177830921333e-06
190,1.3876834401571614e-06,3.783122790590454e-07,0.0004974584002708227,0.0004225533994972608,0.00024154377960172724,1.615029135093593e-06,2.6994568456117918e-06,3.1739837149658e-06
193,1.4175712994557443e-06,3.930990972733639e-07,0.0004915008493586726,0.005082859161569919,0.02139685175371131,1.7165234160732012e-06,8.1261615116901e-06,6.787927588902676e-06
196,1.4628854568821126e-06,7.245405673206307e-07,8.801661539448169e-05,0.035987704065626236,2.0773072384461244e-07,4.746090764840005e-08,3.1060469132260238e-06,2.6077239603239377e-06
199,1.447425840517269e-06,4.078829807241391e-07,0.00045583879213051404,0.007997117267128928,0.021472888385304145,1.6529332211856484e-06,1.0738210489691369e-05,1.1410137679135346e-07
202,1.477247749903654e-06,4.226726548761661e-07,0.0004974539514259746,0.0004847371317353577,0.00023992466449396233,1.6031960079487817e-06,5.756443847815262e-06,2.2232556236012613e-06
205,1.507135602984988e-06,4.3745791611371487e-07,0.0004919036463162385,0.0049896811771654725,0.021399119855545656,1.6676698946227475e-06,1.212599302746753e-05,1.2956173884859368e-06
208,1.5524497244401303e-06,7.688993288734736e-07,7.284595750833844e-05,0.03471809964526473,1.860094418493219e-07,5.712469741681048e-08,2.689261492827555e-06,6.44103261349116e-06
211,1.536990125394766e-06,4.5224365097240593e-07,0.0004534500668391672,0.00817209338128766,0.02147082323250782,1.6674534444316436e-06,1.1656338999799232e-05,1.0229285567486812e-06
214,1.566812034781151e-06,4.6703192602137733e-07,0.0004974485978745946,0.0005471196698181302,0.0002383595729735788,1.6757206708906125e-06,4.932011613334453e-06,2.581541806545573e-06
217,1.5966998905270202e-06,4.818160586061992e-07,0.0004922835723792929,0.004897822072154723,0.021401220290512946,1.6458803064889338e-06,1.4922906420800075e-05,5.992288362399734e-06
220,1.642013978009338e-06,8.132566318153067e-07,5.3832305970669125e-05,0.033422445395471234,2.317462144407756e-07,4.366956884993556e-08,5.826037944967055e-06,1.222914773979511e-05
223,1.6265544013904787e-06,4.966019573338087e-07,0.0004509299720023563,0.008351852402417315,0.02146869862082834,1.6879786783885464e-06,1.1800332967659699e-05,5.828042271005529e-07
226,1.6563763090005068e-06,5.113909204990108e-07,0.0004974422217873808,0.0006097137773863892,0.0002367035000849782,1.5585030936904332e-06,1.550149630880071e-06,6.009140123497403e-06
229,1.6862641611936624e-06,5.261752797913744e-07,0.0004926417443567033,0.00480723700563801,0.021403427881308446,1.732424337541616e-06,7.675549953845007e-06,7.383134697391824e-06
232,1.7315782147031555e-06,8.576161600881704e-07,3.216169688347037e-05,0.03213588695049063,3.0292930253139616e-07,1.7760949377887414e-08,4.782356715082869e-06,3.9443767687608045e-06
235,1.7161186578462662e-06,5.409620642549129e-07,0.0004482708531492463,0.008536631893518276,0.021466676579283472,1.6779877500816553e-06,1.1633153397916374e-05,1.9868871947714695e-06
238,1.7459405636799374e-06,5.55751209496691e-07,0.0004974346972668187,0.0006725323646721293,0.00023515298424037212,1.672888330528366e-06,6.067638826046107e-06,3.496435172944956e-06
241,1.775828415873093e-06,5.705384353849041e-07,0.0004929792271584077,0.0047178828236844605,0.021405618677933447,1.6216066129892681e-06,1.2977526511193105e-05,1.7545113060180029e-06
244,1.821142431857048e-06,9.019795221831828e-07,8.851640193707766e-06,0.03088139459707273,2.239044880614216e-07,1.000577398713176e-09,4.885779201435625e-06,7.31892510508203e-06
247,1.8056828929857716e-06,5.853223097318505e-07,0.00044546453999139146,0.008726685125002298,0.021464494237001475,1.6357376746434227e-06,1.2495203579376835e-05,2.0431050185010236e-07
250,1.835504797043086e-06,6.00111146775717e-07,0.0004974258901651041,0.0007355885013522467,0.00023351819748107516,1.6113670204820352e-06,5.507064212650903e-06,3.418661310039539e-06
253,1.86539265012442e-06,6.148971207764475e-07,0.0004932970365132405,0.004629717974967251,0.021407750556152294,1.7068109994244907e-06,1.3812385178724185e-05,5.183523352325636e-06
256,1.9107066311363496e-06,9.463389867292449e-07,1.5280410996298954e-05,0.029673092969985326,3.964403729739274e-07,4.816071985658255e-10,6.565920842582784e-06,9.303022002971062e-06
259,1.895247111249887e-06,6.296824539564483e-07,0.0004425023059004829,0.008922282398045933,0.02146250320026155,1.7406949304188402e-06,9.879085148156719e-06,3.866625511772526e-06
262,1.925069012642666e-06,6.444708990915871e-07,0.0004974156578780864,0.0007988954385815816,0.0002319185951531466,1.598205941366615e-06,8.921867244993109e-07,7.587472874437395e-06
265,1.9549568648358218e-06,6.592573127406354e-07,0.0004935961414700429,0.004542702420021083,0.021409969409826424,1.6760328716003414e-06,8.551471009532463e-06,6.330570614387909e-06
268,2.00027081442844e-06,9.906974050011286e-07,3.960926261203923e-05,0.028518895598284022,3.0951349005992057e-07,2.3475398958083815e-08,5.472134352979552e-06,6.596129829006259e-06
271,1.9848113108622556e-06,6.740428626361705e-07,0.00043937482386269266,0.009123712477768109,0.021460344688400745,1.6012273433840818e-06,1.3019029927008319e-05,4.289905637389069e-06
274,2.0146332140313916e-06,6.888299790563934e-07,0.0004974038490717092,0.0008624665944703125,0.00023033590944265825,1.6664728959003838e-06,6.206400336772333e-06,4.436726382284206e-06
277,2.0445210662245472e-06,7.036171525420798e-07,0.0004938774667833101,0.004456797573223925,0.021412125294748563,1.6621897924729012e-06,1.3055374004089515e-05,1.623349960233611e-06
280,2.089834978291627e-06,1.0350589236818308e-06,6.367622057967814e-05,0.027422478417534535,4.111808119544591e-07,5.378795675525794e-08,5.6070571339272846e-06,7.403015894524856e-06
283,2.074375495375591e-06,7.184034871432488e-07,0.0004360721187062211,0.00933128418000262,0.021458280729380164,1.7247052148672282e-06,1.272985697831075e-05,6.524394340345907e-07
286,2.1041973976565487e-06,7.331920921505031e-07,0.0004973903034910521,0.000926315596734284,0.000228707299853248,1.5914840238995254e-06,5.6770216474433255e-06,3.1779281810528914e-06
289,2.134085248961526e-06,7.479780437247285e-07,0.0004941418952011389,0.004371966218695178,0.02141429778860715,1.679437291013386e-06,1.2565460819402574e-05,3.5032882803598397e-06
292,2.179399126278625e-06,1.0794194471586138e-06,8.715809336035107e-05,0.026384705748989656,4.4110332708680033e-07,7.327269591073104e-08,6.609613754759991e-06,6.370442912739804e-06
295,2.1639396585726445e-06,7.627631586348826e-07,0.000432583515141971,0.009545328124795915,0.021456210715368407,1.6592409606275282e-06,8.355644659729933e-06,6.120098677397934e-06
298,2.193761565294494e-06,7.775523853670308e-07,0.0004973748516619025,0.00099045628213279,0.00022711923166340853,1.6264824553857693e-06,9.43731116365143e-07,7.420881365405307e-06
301,2.223649413934936e-06,7.923383451569066e-07,0.0004943902695151436,0.004288172438931204,0.021416480729258502,1.7048760558857623e-06,1.0153835997783744e-05,3.797395872862097e-06
304,2.268963258833523e-06,1.1237778279049593e-06,0.00010983749518911345,0.025404634946049054,4.689014602154984e-07,6.871180002754329e-08,5.3765198249067225e-06,9.863346072780388e-06
307,2.2535038057824863e-06,8.071208366100535e-07,0.0004288975813668827,0.009766198645559054,0.021454086045845422,1.6582420883093363e-06,1.4585365080144186e-05,6.104548683882882e-06
310,2.2833257098398008e-06,8.219058522662692e-07,0.0004973573146287436,0.0010549026985353649,0.00022551993134189985,1.6472395019118125e-06,5.9274159101008195e-06,4.386567082459436e-06
313,2.313213561144778e-06,8.366913644142215e-07,0.000494623394566851,0.004205381573004985,0.02141867578791956,1.6159180500352477e-06,1.2437551610844366e-05,6.175619158277357e-07
316,2.3585273710713395e-06,1.1681315450484675e-06,0.0001315772123928749,0.02448021056820937,5.00394170765972e-07,4.2392765298160384e-08,4.686346586235679e-06,6.578492245612466e-06
319,2.343067936116938e-06,8.514736145048829e-07,0.00042500206785245354,0.009994275920684803,0.021452025289205423,1.6960274094035555e-06,1.2080258958491186e-05,4.341897219539703e-07
322,2.3728898419506095e-06,8.662612906995548e-07,0.0004973375036652072,0.0011196691343497989,0.00022390399518190662,1.595608028592821e-06,5.624336949949793e-06,2.3611881614371555e-06
325,2.402777694143765e-06,8.810445777385212e-07,0.0004948420391377439,0.004123560136640947,0.021420790164730974,1.7500558320282522e-06,1.1584829321620305e-05,1.5867296156990562e-06
328,2.4480914694313682e-06,1.2124852664108232e-06,0.0001522993442213405,0.023608736254052243,6.117244276682143e-07,8.619116753649791e-09,5.5563630430022215e-06,4.311395647160765e-06
331,2.432632046911465e-06,8.958296400241039e-07,0.00042088384101113263,0.01022996832794476,0.02144993508926074,1.6696157052464855e-06,8.047178307712954e-06,6.877471296018456e-06
334,2.462453954521493e-06,9.106164713390541e-07,0.0004973152199729824,0.001184770116977596,0.00022230686237190156,1.6285239963220732e-06,1.6204728883195685e-06,5.659799980906044e-06
337,2.492341809379184e-06,9.25400243101393e-07,0.0004950469376749922,0.004042675771342541,0.02142306734023869,1.6180688795497389e-06,1.1893254982631163e-05,3.468526406091854e-07
340,2.5376555524703193e-06,1.256846441366477e-06,0.00017196894943971586,0.022787190369744748,5.490465256885457e-07,1.3276033605791326e-08,4.987720084503877e-06,1.2711279890886829e-05
343,2.5221961452714936e-06,9.40191852372152e-07,0.0004165288113116006,0.010473715034161835,0.021447832726407157,1.648699728740155e-06,1.5337900332035304e-05,6.796103064310444e-06
346,2.552018051105165e-06,9.549793360541514e-07,0.0004972902543025626,0.0012502204442506049,0.00022072214721990946,1.657037631774827e-06,5.19314321767439e-06,3.087921166322616e-06
349,2.581905906851034e-06,9.697646607964572e-07,0.0004952387919612278,0.0039626971890254215,0.021425130414032267,1.700405449556186e-06,1.1551802816534007e-05,1.253436372694594e-06
352,2.6272196153032112e-06,1.3012059063566284e-06,0.00019058154530493532,0.02201243327315261,7.145370194416856e-07,1.2749807432044236e-08,2.5354758984574843e-06,5.346577977682898e-06
355,2.611760221427062e-06,9.845522179752209e-07,0.0004119218556626336,0.01072598886019227,0.02144575191793674,1.7173804596204434e-06,1.1292571550747255e-05,8.277692908897905e-08
358,2.6415821281489116e-06,9.993391691942577e-07,0.0004972623866503767,0.0013160351783927382,0.00021907426838385646,1.5586634922737375e-06,5.514901038061737e-06,1.5306283969174217e-06
361,2.671469986559316e-06,1.0141242734462708e-06,0.0004954182726599754,0.003883594136917079,0.021427402516938976,1.6868762886534938e-06,1.0746486029944435e-05,9.262316291724915e-08
364,2.7167836588182226e-06,1.3455625489378065e-06,0.0002081537246660936,0.0212813403290959,6.982458158333316e-07,7.041373262239858e-09,3.5207378477064566e-06,3.387835638690717e-06
367,2.7013242789308833e-06,1.0289070822011581e-06,0.00040704673356417587,0.01098729947104271,0.021443692188816144,1.636455927211955e-06,8.709260146844144e-06,6.063854191662443e-06
370,2.7311461892054467e-06,1.043695313729387e-06,0.000497231385857333,0.0013822296735281903,0.00021753291106119121,1.6950021461958897e-06,2.6959378525148736e-06,2.872796567965352e-06
373,2.7610340458394944e-06,1.058479769389109e-06,0.0004955860208220031,0.003805337319961355,0.021429521109139316,1.6520663976837824e-06,1.375303981276943e-05,3.132807126160486e-06
376,2.8063476826822864e-06,1.3899209339029994e-06,0.00022471621300157452,0.020590884304270363,7.516583296895973e-07,2.990093816990225e-08,4.604473316405233e-06,1.4467358421477172e-05
379,2.790888316006601e-06,1.0732669475377321e-06,0.0004018859971059996,0.011258196901547723,0.021441532012739017,1.6799831632496875e-06,1.5019400817273265e-05,5.941063448311468e-06
382,2.820710227169343e-06,1.088054176978659e-06,0.000497197009233119,0.0014488195992852226,0.00021587224633634605,1.573795438858383e-06,4.1458164652397045e-06,7.324425550514491e-07
385,2.8505980873561043e-06,1.102836356459136e-06,0.0004957426492344652,0.003727898374213723,0.02143172402897431,1.6890058045504475e-06,1.0258294044440674e-05,3.556350716582557e-06
388,2.8959116890048264e-06,1.4342780343401529e-06,0.00024030879263436944,0.019938183804039333,8.728956791825837e-07,3.802964521071317e-08,3.1346820250632845e-07,4.211093443284852e-06
391,2.8804523388714642e-06,1.117623112500965e-06,0.00039642089443248096,0.011539275470735078,0.021439550018923725,1.7063527066873974e-06,1.0936629643687468e-05,3.516397604208521e-07
394,2.9102742509223845e-06,1.13240855292851e-06,0.000497159002131653,0.0015158209318615334,0.00021430800042043785,1.637901473561243e-06,5.4020809869825825e-06,1.0536065273569761e-06
397,2.940162113773681e-06,1.1471946881336237e-06,0.0004958887437744863,0.0036512498319840603,0.021433884082409094,1.6924328980483239e-06,1.0477347130333214e-05,6.03095938522813e-07
400,2.9854756788960657e-06,1.4786347828366075e-06,0.00025497663452833663,0.019320529007950782,8.539873456170355e-07,2.2289515566598084e-08,8.357187826213419e-07,3.5984683739442858e-06
403,2.970016343972759e-06,1.1619806339346894e-06,0.00039063126682448157,0.011831178115937035,0.021437354232120676,1.6150366080047718e-06,9.720070242025258e-06,4.089625154080068e-06
406,2.9998382604645712e-06,1.17677039601638e-06,0.0004971170975114347,0.0015832499989736348,0.0002126897756538071,1.636432252150044e-06,3.972751994929524e-06,2.6527845031765196e-07
409,3.0297261224276895e-06,1.1915559772202045e-06,0.0004960248646037613,0.003575365054255375,0.021436096505500046,1.6372608298009794e-06,1.521292247552708e-05,5.748058948373824e-06
412,3.075039649691469e-06,1.5229976211283969e-06,0.00026876767895966935,0.018735392495716985,9.68917120425239e-07,1.1148039824604439e-08,4.4197635280518455e-06,1.4729162971072185e-05
415,3.0595803277577716e-06,1.2063436354292634e-06,0.00038449543977359113,0.012134601205215922,0.021435350988933344,1.731445983921276e-06,1.4080710894148751e-05,3.572702586662757e-06
418,3.0894022451377623e-06,1.2211307203191524e-06,0.0004970710154532654,0.001651123466983595,0.00021109071310121408,1.6086279392979463e-06,2.9242828283315703e-06,2.261836108852222e-06
421,3.1192901115417726e-06,1.2359147705254259e-06,0.0004961515473675959,0.003500218219699258,0.021438208596912034,1.717147988911094e-06,8.78642275026209e-06,5.567181091459261e-06
424,3.1646036022792146e-06,1.5673551787553919e-06,0.00028173079182725047,0.018180430530398972,1.0358439207491799e-06,4.5162016792943405e-08,3.2755991064004064e-06,3.61841527674045e-06
427,3.1491442955555726e-06,1.2507016409202265e-06,0.0003779901084657311,0.012450299876791249,0.02143321602417192,1.6400205975486415e-06,1.0826730751922753e-05,7.36666909695316e-08
430,3.1789662173764555e-06,1.2654897305619528e-06,0.000497020462701947,0.0017194583835071775,0.00020947846185137564,1.6153432311760696e-06,5.377203049938828e-06,1.1832989876836564e-06
433,3.208854084668644e-06,1.280273664638898e-06,0.0004962693042811495,0.003425784277246491,0.02144047033302421,1.66150466540671e-06,1.110645198831861e-05,5.533981661809406e-07
436,3.2541675391017932e-06,1.6117156900197216e-06,0.00029391449000293335,0.017653478270388323,1.0713311358045985e-06,6.192626034184912e-08,2.064925377243121e-06,4.782793042945599e-06
439,3.238708241148913e-06,1.295063601247648e-06,0.00037109021898906747,0.01277909398906063,0.021431153469808173,1.6766704742376959e-06,1.1080999049006834e-05,1.6874323596205443e-06
442,3.268530164746153e-06,1.3098554343393687e-06,0.0004969651320916313,0.001788272191943996,0.0002079041786968716,1.6645497278311439e-06,5.171023864214419e-06,2.969601340385708e-06
445,3.2984180400319474e-06,1.3246448524739662e-06,0.000496378625157945,0.0033520388918517607,0.021442573209237814,1.6528887059052977e-06,1.544838055522746e-05,6.9399217634824595e-06
448,3.3437314552742237e-06,1.6560844595669977e-06,0.0003053660816694226,0.017152541488762107,1.1682342282437475e-06,5.409947734236198e-08,4.623030978478937e-06,1.3239330217018619e-05
451,3.3282721760841127e-06,1.3394294045010469e-06,0.00036376884687383537,0.01312187464434933,0.02142903995869805,1.6862110547855025e-06,1.2507104151460169e-05,2.3822695638386904e-07
454,3.358094105010423e-06,1.3542173642466793e-06,0.0004969047020395578,0.0018575827305293835,0.00020625485716241343,1.5628489293817438e-06,1.7568163812597959e-06,5.201939426324742e-06
457,3.3879819820725743e-06,1.3690022120371736e-06,0.0004964799784330509,0.003278958457059389,0.021444787787926245,1.7318255107756642e-06,8.105146065418012e-06,6.602107953446179e-06
460,3.4332953543492195e-06,1.700438180041175e-06,0.0003161311077635176,0.016675786239121138,1.272893134340869e-06,2.9450053284918454e-08,5.598037470688766e-06,4.16138810876987e-06
463,3.41783608970303e-06,1.3837865335819544e-06,0.0003559970756681352,0.01347961149260879,0.021427005340352245,1.670905602324524e-06,1.1135697951303314e-05,1.2701948883808711e-06
466,3.4476580186293404e-06,1.3985740374700129e-06,0.0004968388359385401,0.0019274082938971482,0.00020470269115602235,1.676736217204322e-06,5.4862878942074644e-06,1.9024896871222552e-06
469,3.4775458992442054e-06,1.4133604566701763e-06,0.0004965738120672469,0.0032065200039521624,0.021446977971307568,1.6148053290088171e-06,1.1929152011092015e-05,9.493377128855229e-08
472,3.522859231663844e-06,1.7448045683821078e-06,0.00032625299948207953,0.016221527694796567,1.2548916417109979e-06,5.54354029347337e-09,4.4309404422238075e-06,6.272197552892322e-06
475,3.507399982893844e-06,1.4281467348720156e-06,0.00034774387954739083,0.013853360718493857,0.02142483764078662,1.6458299563204548e-06,1.2534490238635954e-05,4.3763053581002964e-07
478,3.53722191981376e-06,1.4429317005681952e-06,0.0004967671815467867,0.001997767602880174,0.00020306496545874353,1.6032808747290517e-06,5.973010873461249e-06,4.539239607748158e-06
481,3.5671098057576955e-06,1.4577110971636387e-06,0.0004966605544165503,0.0031347012110338746,0.021449107191149785,1.7192858901005081e-06,1.4653692568700194e-05,6.561185384335033e-06
484,3.61242309410148e-06,1.789147013431247e-06,0.00033577289030350954,0.01578821876189984,1.4765993754384255e-06,7.450933203756449e-10,5.040012006629624e-06,1.037434071848864e-05
487,3.5969638627619815e-06,1.47249217263834e-06,0.00033897601543886324,0.014244273863842416,0.021422843036955186,1.732981339985784e-06,1.0356542478717756e-05,3.2480956502212166e-06
490,3.6267857996818975e-06,1.487281201528745e-06,0.0004966893703377551,0.0020686798789064653,0.0002014690003102615,1.6037883758812654e-06,1.0096655005398247e-06,7.186004107762045e-06
493,3.6566736909549036e-06,1.5020671619847548e-06,0.0004967406150981901,0.003063480370448346,0.02145134199855203,1.6655169188251051e-06,8.534686232408717e-06,6.2106081415436165e-06
496,3.701986937332258e-06,1.8335055307350245e-06,0.0003447295368168568,0.01537443891834478,1.4272287651717619e-06,1.5387913165909595e-08,6.782810643146675e-06,6.061913023547305e-06
499,3.6865277248665507e-06,1.516850781868584e-06,0.00032965793289774226,0.014653607459198525,0.021420684379236832,1.6009963113017278e-06,1.2276104826902667e-05,2.9638387375463537e-06
502,3.716349667115537e-06,1.531633247342512e-06,0.0004966050167993785,0.002140164801399891,0.00019988614897847867,1.6686436627999512e-06,5.555925168820863e-06,2.730123128014128e-06
505,3.7462375592767216e-06,1.546415754560826e-06,0.0004968143857357887,0.0029928363677302894,0.021453482120054268,1.6662209243456516e-06,1.2298762880114111e-05,3.057203770140404e-07
508,3.7915507603569765e-06,1.8778549366604835e-06,0.0003531593150989387,0.014978883532890563,1.5998605045197678e-06,4.4605692917087936e-08,5.494761714630592e-06,7.24828898901464e-06
511,3.776091568319373e-06,1.5612042350010569e-06,0.00031975171275577807,0.015082733559292905,0.021418627195578743,1.7311541435915956e-06,1.3211968922455242e-05,1.7984129332404564e-06
514,3.8059135185619652e-06,1.5759898595035793e-06,0.0004965137177244117,0.002212242619979765,0.0001982518493983676,1.5811222031647532e-06,6.292815843522703e-06,4.790420741862533e-06
517,3.835801417828577e-06,1.5907780339663447e-06,0.0004968822407516171,0.0029227486095793065,0.021455671773479956,1.684789818323651e-06,1.3524801027564592e-05,4.8561377550271345e-06
520,3.881114570947197e-06,1.9222173019972644e-06,0.0003610962683202601,0.014600353839954394,1.668975353696922e-06,6.802451446574764e-08,5.1360876303085945e-06,7.12542759506718e-06
523,3.865655400225876e-06,1.6055666363090637e-06,0.0003092170505016867,0.015533151029063053,0.021416558432170163,1.6504987563337181e-06,8.585997139931578e-06,6.048119052914913e-06
526,3.895477354021182e-06,1.6203474826337327e-06,0.000496415051416399,0.002284934101428604,0.0001966738111107702,1.6403228675354597e-06,9.108255829559653e-07,7.598187679924706e-06
529,3.925365255952329e-06,1.6351347877918698e-06,0.0004969445380007542,0.002853197064320634,0.021457850836164027,1.6949297869661706e-06,9.582853704337424e-06,4.271190881199871e-06
532,3.970678357778645e-06,1.9665734178886396e-06,0.00036857218830244065,0.014237747616638652,1.7488695176481883e-06,7.057525253095775e-08,6.9167962601923705e-06,8.779531869951285e-06
535,3.955219209927918e-06,1.6499199539943277e-06,0.0002980113056691991,0.016006497568779032,0.02141442769938262,1.6616227231924796e-06,1.3697711758631215e-05,4.6501151143019115e-06
538,3.985041166387759e-06,1.6647068694641831e-06,0.000496308576879656,0.002358260592875361,0.00019506417076797788,1.6369041582198207e-06,5.374017994164149e-06,3.0494647260681518e-06
541,4.014929076312512e-06,1.6794923753948865e-06,0.0004970016195207094,0.00278416217918509,0.02146004482724262,1.625241161651303e-06,1.2386522877605444e-05,1.6165334448814406e-07
544,4.0602421262914135e-06,2.010931765550339e-06,0.00037561671818764353,0.013890050613322824,1.8519952372786364e-06,4.866102676359674e-08,5.010887428325006e-06,7.443249593119816e-06
547,4.044783002754571e-06,1.6942766505323448e-06,0.00028608964725007624,0.01650456226414221,0.021412384731237744,1.7005316248486224e-06,1.2977865559982149e-05,2.1900089128834566e-06
550,4.074604966319839e-06,1.7090607589143048e-06,0.0004961938329630655,0.0024322440496211684,0.0001934543053083715,1.5975547347224506e-06,6.250104950922264e-06,4.0345567771105095e-06
553,4.104492880685484e-06,1.7238485570114648e-06,0.000497053812070547,0.0027156249108053476,0.021462169378796858,1.7479974760981065e-06,1.2127939918116226e-05,2.4513865830577686e-06
556,4.1498058734878995e-06,2.055285497348791e-06,0.00038225746728359766,0.01355632870014789,1.994988257481012e-06,1.4529917047312324e-08,4.555533627659258e-06,4.339127847696744e-06
559,4.134346776929476e-06,1.738628664149644e-06,0.0002734053357498212,0.017029298281268535,0.021410278482002276,1.6574305861105643e-06,7.900408111716217e-06,7.4550407354045944e-06
562,4.164168744935637e-06,1.753419415218005e-06,0.0004960703374727871,0.0025069070662926407,0.00019185713942349025,1.6347772098246338e-06,1.4295309620493413e-06,6.37148916515784e-06
565,4.1940566628539955e-06,1.7682089559212244e-06,0.0004971014278272179,0.0026475666433256606,0.021464443433393043,1.6132290212578226e-06,1.117010961770859e-05,1.1352398472386227e-06
568,4.239369596481524e-06,2.0996500924574946e-06,0.00038852013158097165,0.013235720673463458,2.007510496726539e-06,1.3678161714381076e-08,6.311955703885985e-06,1.155029397903462e-05
571,4.223910530676278e-06,1.7829955805126474e-06,0.00025991019784177283,0.017582835186054524,0.02140819091719237,1.6616876346020604e-06,1.4521350337304284e-05,5.6710046330010755e-06
574,4.253732504011509e-06,1.797783030887956e-06,0.0004959375861401938,0.002582272881110015,0.00019026789763465501,1.6477307951401343e-06,4.900171957977761e-06,2.507609807800293e-06
577,4.283620429035295e-06,1.812566100101165e-06,0.0004971447648465244,0.002579969220730005,0.02146650669889638,1.7092807134133636e-06,1.210985805055742e-05,7.863225350845937e-07
580,4.32893329693762e-06,2.1440031778841018e-06,0.00039442861550664787,0.012927431758281038,2.225672737665718e-06,2.060845183393667e-08,3.1494932093423245e-06,6.9843358159182856e-06
583,4.313474266659512e-06,1.8273493487264147e-06,0.0002455553689983958,0.018167489870760445,0.02140610848318314,1.7088512496155062e-06,1.2498013366446514e-05,1.7959126772382206e-06
586,4.3432962435474565e-06,1.8421380048039282e-06,0.0004957950516661924,0.002658365442733235,0.00018862465076807666,1.5642293673678864e-06,5.9415778208560255e-06,2.7188516344978098e-06
589,4.373184174788491e-06,1.8569196140738597e-06,0.0004971841076750749,0.0025128149134927558,0.021468790186613518,1.6817615506869998e-06,1.0653112854974722e-05,1.385844292656202e-07
592,4.41849697874197e-06,2.188356502674793e-06,0.00040000515204274834,0.01263072770721907,2.259768454360156e-06,6.119872830723239e-09,3.2369464983972307e-06,2.5216570862518495e-06
595,4.403037984879177e-06,1.8716990328737637e-06,0.00023029240735272793,0.018785774710655456,0.02140404607277535,1.6361084846927554e-06,8.012926254075126e-06,7.139406068334964e-06
598,4.432859967096192e-06,1.886487114077795e-06,0.0004956421826260993,0.002735209414240991,0.0001870823569127822,1.6973543264242608e-06,2.465764093351197e-06,3.7836684987357927e-06
601,4.462747906330833e-06,1.901272939974774e-06,0.0004972197278121371,0.0024460863749851125,0.02147090042091726,1.6498770265549467e-06,1.327685347884966e-05,2.410749870396245e-06
604,4.508060637453681e-06,2.232714318983753e-06,0.00040527041874893754,0.012344929408678595,2.384756981110847e-06,1.7939583152326577e-08,5.26151196922342e-06,1.375468033826266e-05
607,4.492601682670738e-06,1.916059134687842e-06,0.00021407491737557294,0.019440400783743428,0.021401894673175548,1.6860695373210888e-06,1.4724981652669555e-05,5.443540606275832e-06
610,4.522423674657716e-06,1.9308450778243724e-06,0.0004954784022963565,0.002812830247042264,0.00018541736951771526,1.564597043035576e-06,4.144787570048436e-06,9.794152320274918e-07
613,4.552311620997784e-06,1.945633449906836e-06,0.0004972518842087936,0.0023797666435505516,0.021473110539912632,1.6998029692683048e-06,1.1049938167140283e-05,2.365694574679722e-06
616,4.597624276181378e-06,2.277069718781277e-06,0.00041024364880559716,0.012069408080052746,2.562398383143538e-06,3.1740680750402817e-08,2.2559034873470551e-07,6.038690818499504e-06
619,4.582165368027802e-06,1.9604158791874937e-06,0.00019686086988990326,0.02013427267531709,0.021399912170813273,1.6991840501301425e-06,1.192624627144312e-05,1.134063538632546e-06
622,4.611987364455672e-06,1.975206907145477e-06,0.0004953031074670378,0.0028912541717955875,0.00018386021826977128,1.6482861142641525e-06,5.491002623259078e-06,1.3678916888082426e-06
625,4.6418753161248105e-06,1.9899965590930435e-06,0.0004972808236907156,0.002313839139042262,0.02147527790810244,1.6791102759317056e-06,9.940489118065443e-06,1.4867343423041746e-06
628,4.6871878907062126e-06,2.321432724272654e-06,0.0004149427360671254,0.011803580902052246,2.5942766966879915e-06,2.380065655671615e-08,1.1789161928899006e-06,2.110043203717993e-06
631,4.671729034733119e-06,2.004779170450277e-06,0.00017861586621470416,0.020870470142499986,0.02139771296736459,1.6160624776162535e-06,8.786988229481096e-06,5.322656205342113e-06
634,4.701551040042773e-06,2.019565779942667e-06,0.0004951156671566537,0.0029705082768156643,0.00018223631512981342,1.6315618822648759e-06,3.854947101977757e-06,4.0474324336514655e-07
637,4.731439000593696e-06,2.034354904978386e-06,0.0004973067814173504,0.00224828759094442,0.021477478875216782,1.6476952475752427e-06,1.5005792925570915e-05,5.469334626528877e-06
640,4.776751485802144e-06,2.3657925467546193e-06,0.00041938433385357854,0.01154690695972116,2.794860407329125e-06,5.786053192124996e-09,4.23218661316227e-06,1.4678072900231598e-05
643,4.7612926845630454e-06,2.0491407111133952e-06,0.00015931767378374317,0.021652209047242632,0.02139572252689259,1.7377911178950711e-06,1.4376049339404062e-05,3.7821210816524342e-06
646,4.791114696089949e-06,2.0639260343013888e-06,0.0004949154212354756,0.0030506205300691036,0.00018063745092344874,1.6044216140098655e-06,3.1269006601775118e-06,1.4238690682066846e-06
649,4.821002664634477e-06,2.078715862330327e-06,0.0004973299812522924,0.0021830961125295367,0.02147960947686567,1.7153059195251785e-06,9.680749639251474e-06,4.078934207507601e-06
652,4.866315057916459e-06,2.410156790366713e-06,0.00042358394724661963,0.011298883803536386,2.899969359870802e-06,4.090507532694687e-08,3.1126384560931086e-06,5.104160852198447e-06
655,4.850856317517582e-06,2.093501699551581e-06,0.00013896245460509604,0.022482770808141872,0.021393579426655762,1.6279365124827194e-06,1.1206358808024675e-05,7.441227336535405e-07
658,4.88067833792627e-06,2.1082942971428764e-06,0.0004947016790177727,0.0031316198321453825,0.00017903108803540846,1.62675982040561e-06,5.127219450784537e-06,5.497758652772688e-07
661,4.910566311799869e-06,2.123074758220156e-06,0.0004973506361816149,0.00211824905588176,0.021481861877135522,1.6565710374560894e-06,1.019810165736601e-05,2.1767688209717306e-06
664,4.9558786032743996e-06,2.4545122760954996e-06,0.00042755601909849617,0.011059044026954012,3.0153580515834832e-06,6.414364350781909e-08,1.3459554057959622e-06,3.1295215046078795e-06
667,4.940419930932194e-06,2.137855637185382e-06,0.00011757322075234278,0.023365384364444797,0.021391521435533356,1.6870408723335117e-06,1.0404490720539172e-05,2.6237685055718885e-06
670,4.970241958446309e-06,2.1526476452482513e-06,0.0004944737177012826,0.0032135360579985672,0.00017744733841595917,1.652024127496432e-06,5.238361862502927e-06,2.853139412284378e-06
673,5.000129942978049e-06,2.1674342010058467e-06,0.0004973689486336141,0.002053731139938675,0.021483970060512725,1.6607389590195254e-06,1.559681051332973e-05,7.315090019943682e-06
676,5.045442126094812e-06,2.498875061540673e-06,0.00043131400974782963,0.010826952512409171,3.1782925776768778e-06,6.252559536790159e-08,3.6646241416971037e-06,1.3787011294397189e-05
679,5.029983530135951e-06,2.1822267044502297e-06,9.5211159033326e-05,0.02430303725444638,0.02138941727106136,1.6822410420225253e-06,1.3042570492061145e-05,9.690031155251688e-07
682,5.059805564755493e-06,2.1970113930347424e-06,0.0004942307807356272,0.003296400126620469,0.0001758062638197444,1.5698896416171948e-06,2.066920097298919e-06,4.1260253058617025e-06
685,5.089693552839947e-06,2.2117983762282023e-06,0.0004973851108331928,0.001989527323760676,0.02148619053703449,1.7287522560138768e-06,8.918049434925024e-06,5.3212209694120105e-06
688,5.135005619827382e-06,2.543237081154004e-06,0.00043487047089030284,0.010602203641421504,3.3361135834963918e-06,4.0966018133303805e-08,5.9515026447076735e-06,4.9688641285960955e-06
691,5.119547107135247e-06,2.2265805557086793e-06,7.199055084883277e-05,0.025298182310329764,0.021387370118548077,1.6655219252648124e-06,1.0997719816607798e-05,9.465950570053394e-07
694,5.149369151524752e-06,2.2413704050538996e-06,0.0004939720761321098,0.003380243997982646,0.00017425049598518427,1.6781198928228491e-06,4.954723477723633e-06,4.871731293931703e-07
697,5.179257151155525e-06,2.256151733437406e-06,0.000497399305126045,0.0019256228732751346,0.02148837885550403,1.6107111293628407e-06,1.0741792337398692e-05,1.9992132429536014e-06
700,5.224569091022424e-06,2.587585989699548e-06,0.00043823711389112674,0.010384418939766826,3.400740744896602e-06,1.337290589376039e-08,3.604660626432832e-06,4.890396313683709e-06
703,5.209110668147332e-06,2.2709363878270494e-06,4.809799164950945e-05,0.026352291882986822,0.021385219087798113,1.6560035867030365e-06,1.2227360080885319e-05,2.0867242644939665e-07
706,5.238932718754086e-06,2.2857236001705417e-06,0.0004936967746305143,0.0034651007946759904,0.0001726111486126669,1.5959624299899389e-06,6.255172379177054e-06,5.126467879090768e-06
709,5.268820726378465e-06,2.3005017122379456e-06,0.0004974117042699788,0.0018620032741640813,0.02149050821407883,1.7303970751836317e-06,1.532854664532124e-05,7.513695477356919e-06
712,5.314132532130422e-06,2.631939067798683e-06,0.000441424872665408,0.010173244865023356,3.6849575599795514e-06,1.673505778398976e-11,3.515387988040075e-06,1.1340654702429731e-05
715,5.29867421050767e-06,2.315285926535182e-06,2.381636438086865e-05,0.02746519259755642,0.021383217861125736,1.7232975944025952e-06,1.0963468414004751e-05,2.3897363823355278e-06
718,5.328496268219851e-06,2.3300761859967878e-06,0.0004934040077158031,0.003551004815516734,0.00017101895516180576,1.6107491551675679e-06,1.3179549815944824e-06,6.26448924645473e-06
721,5.358384285614193e-06,2.3448615664722894e-06,0.000497422471727127,0.001798654276128131,0.021492756277591063,1.6543572485261393e-06,8.830983752261545e-06,5.5066235087330995e-06
724,5.403695943595466e-06,2.6762996836460218e-06,0.0004444439617676821,0.009968350842786355,3.6968004618609385e-06,8.166616272120564e-09,7.700314876624148e-06,5.972215169514072e-06
727,5.388237735992618e-06,2.3596468630149303e-06,4.467087366677447e-07,0.028634090124454836,0.021381061514436084,1.6036003729347215e-06,1.170737192257576e-05,1.8010298004078606e-06
730,5.418059805251119e-06,2.3744405477366115e-06,0.000493092865623268,0.0036379916333295625,0.00016943455005424823,1.6681698937759393e-06,4.851473108580251e-06,8.992844251487497e-07
733,5.447947829750888e-06,2.3892250957668892e-06,0.0004974317619330648,0.0017355618529755201,0.021494881641113572,1.6722997540075113e-06,1.1329759905365222e-05,1.337053069150329e-06
736,5.49325933052458e-06,2.720661653743406e-06,0.00044730392986380707,0.00976942743195508,3.957207458604728e-06,3.467347031715917e-08,4.885855923508764e-06,6.601176053777635e-06
739,5.477801243713998e-06,2.4040140249592667e-06,2.41278187079752e-05,0.029852167450002298,0.021379010652905706,1.7355179016131927e-06,1.3310980388148153e-05,2.450359549932557e-06
742,5.507623320966104e-06,2.418803684900439e-06,0.0004927623950896631,0.003726098128528754,0.00016779637336217235,1.5730536127023242e-06,6.785275497023235e-06,6.035730486519952e-06
745,5.537511355235836e-06,2.433592105166582e-06,0.0004974397205241843,0.0016727121828361557,0.021497089521169244,1.6881676851987493e-06,1.4443623852500309e-05,6.071373737981389e-06
748,5.582822685590294e-06,2.7650313081384326e-06,0.00045001370892361336,0.009576184707475122,4.082342221045643e-06,6.0352088659954e-08,3.439217052259025e-06,8.119442203913252e-06
751,5.567364732783631e-06,2.448374782026974e-06,4.647909874477829e-05,0.031106620708142074,0.0213769413806979,1.6419555839419786e-06,9.177047012975947e-06,5.472230300007652e-06
754,5.597186818917521e-06,2.463157273036032e-06,0.0004924115970492693,0.0038153625726620177,0.00016622719353165394,1.6535989104671245e-06,1.0790691806761288e-06,7.193492151724712e-06
757,5.627074863845394e-06,2.477941683620699e-06,0.0004974464845970417,0.0016100916776475849,0.021499262507336248,1.685449453336929e-06,9.26678168600148e-06,4.272272721594916e-06
760,5.672386012456343e-06,2.8093782995508576e-06,0.00045258165956685303,0.009388350746768692,4.237044435750903e-06,6.989445267002736e-08,8.2463948625211e-06,7.854651496330689e-06
763,5.656928205866052e-06,2.492724435754212e-06,6.655218134188345e-05,0.03237600242134686,0.02137480746005771,1.6667032340933474e-06,1.2696478077778295e-05,3.0499535510486453e-06
766,5.6867503026580835e-06,2.5075067757729386e-06,0.0004920394241336723,0.003905824697806537,0.0001646070824934398,1.6251231840236358e-06,4.700217461461875e-06,1.3495395507767682e-06
769,5.716638355579562e-06,2.5222953383696733e-06,0.0004974521829153034,0.0015476869019441786,0.021501457054592166,1.6360945709337216e-06,1.2052866911638205e-05,7.729136843881435e-07
772,5.761949304239344e-06,2.8537354610502774e-06,0.0004550156127294258,0.009205670275653333,4.427253194827507e-06,5.33500723598479e-08,4.871704032405333e-06,7.846793467436441e-06
775,5.74649165852037e-06,2.537087034903962e-06,8.321290006074733e-05,0.03362681340909823,0.021372780096130306,1.702638951828206e-06,1.3682241585932786e-05,3.59903981150822e-06
778,5.776313765082364e-06,2.5518701005644573e-06,0.000491644778054301,0.003997525798021151,0.00016300455594997487,1.601912119175708e-06,6.829290671639399e-06,5.597513406563337e-06
781,5.806201829550162e-06,2.5666576508598382e-06,0.000497456936099816,0.0014854846337162275,0.021503592058197185,1.7431776704324164e-06,1.2779857980760312e-05,3.5066195316346693e-06
784,5.8515125639369e-06,2.8980951858326165e-06,0.00045732290804778586,0.009027903418846073,4.620677434230558e-06,2.090120077014035e-08,3.1990942883641793e-06,4.834039310619431e-06
787,5.836055094299297e-06,2.581441321591882e-06,9.521418569702345e-05,0.0348094901738194,0.02137065814550798,1.6467892594018707e-06,8.097725784139698e-06,7.424749226325744e-06
790,5.865877209743076e-06,2.596223032336198e-06,0.0004912265067442689,0.004090508778271662,0.00016140596161662302,1.6392714352608806e-06,1.404534682336589e-06,6.605429117234607e-06
793,5.895765283980836e-06,2.6110046056349034e-06,0.0004974608568577565,0.0014234718044290329,0.021505860492260886,1.6108283258375877e-06,1.0602710093898793e-05,1.7329964647760931e-06
796,5.941075788440386e-06,2.9424394158983347e-06,0.00045951042922531826,0.00885482455176656,4.7305332362412855e-06,1.2330237275648415e-08,7.634071744755389e-06,1.0244272734105664e-05
799,5.925618514091013e-06,2.625790412658091e-06,0.00010136035929009246,0.03585437074287867,0.021368586990718974,1.6750070370719072e-06,1.3473285626730558e-05,4.118778266004597e-06
802,5.955440640192933e-06,2.6405729560696756e-06,0.0004907834014291623,0.0041848182434600645,0.00015981276314835924,1.6382588674535015e-06,4.453118684466517e-06,1.4394373546444683e-06
805,5.985328725088834e-06,2.6553671359508257e-06,0.000497464050136287,0.001361635527744376,0.02150792736430418,1.717387085653499e-06,1.2320139778587702e-05,7.611335051116441e-07
808,6.030638979304115e-06,2.986803084414902e-06,0.0004615846365307874,0.008686221311513975,5.014989565621519e-06,2.6352614757030324e-08,3.4370957243679e-06,8.30943712326615e-06
811,6.015181916119161e-06,2.6701498265779833e-06,0.00010078614332620361,0.03666896293824884,0.021366500786120568,1.6983200907816354e-06,1.3649948196636785e-05,3.607517132575566e-06
814,6.045004051102865e-06,2.6849347785073974e-06,0.0004903141933567667,0.004280500624043171,0.0001581750958408179,1.5719455190854603e-06,6.405417124710766e-06,4.075678938342264e-06
817,6.074892150209621e-06,2.6997181772348e-06,0.0004974666132646632,0.0012999630441876686,0.021510219417455012,1.6753871130426035e-06,1.0904922716825638e-05,6.123583466965954e-07
820,6.120202133419461e-06,3.0311516581171816e-06,0.0004635515967432724,0.008521893547041026,5.121909694483229e-06,1.8502240184403718e-08,2.5505034015882444e-06,2.2407742541474818e-06
823,6.1047452986073836e-06,2.7144958241187567e-06,9.332939609696389e-05,0.037138800264522764,0.021364436916114116,1.6381592498060371e-06,7.605405270894039e-06,7.712550951000097e-06
826,6.134567442472871e-06,2.7292825950375743e-06,0.000489817550440641,0.004377604281891934,0.00015662997962007097,1.696767228054341e-06,2.327746217112292e-06,4.458578908517197e-06
829,6.164455550461412e-06,2.7440672940581834e-06,0.0004974686361540748,0.001238441727113626,0.021512321935151846,1.6500790500639795e-06,1.2667148895140201e-05,1.5372367707655599e-06
832,6.20976524812189e-06,3.075503874461205e-06,0.0004654170107745159,0.008361652542945297,5.337075105305011e-06,5.200749608746946e-09,6.1379298934571835e-06,1.259261184172189e-05
835,6.194308662443859e-06,2.758853827833363e-06,7.988605122832837e-05,0.03713485088907431,0.021362295304110823,1.6909550464294654e-06,1.4139533662138604e-05,4.38485866727234e-06
838,6.22413082140838e-06,2.7736436409853127e-06,0.0004892920736123685,0.004476179571503813,0.0001549626793568848,1.5574444351962313e-06,3.99141594709107e-06,7.609253196427801e-07
841,6.254018940055062e-06,2.788428995259551e-06,0.0004974702014024501,0.0011770591019972798,0.021514540622323608,1.708684942869354e-06,1.1667853664576455e-05,1.4134259322950982e-06
844,6.299328322634246e-06,3.1198691659017896e-06,0.00046718623909480783,0.00820532018525899,5.586304367644068e-06,2.330987580734245e-08,6.887516338371924e-07,7.837528142928818e-06
847,6.28387201206948e-06,2.8032228052143893e-06,6.253046277149288e-05,0.036529758358623265,0.021360309502556518,1.6912125997414762e-06,1.2974230055640135e-05,2.844379808575326e-06
850,6.313694179027607e-06,2.818007443616821e-06,0.0004887362929144601,0.004576278972156622,0.00015341169072424776,1.6586139996999094e-06,5.70283232104174e-06,2.0850768964741917e-06
853,6.343582311885143e-06,2.8327944232575675e-06,0.0004974713844427825,0.0011158027955642247,0.021516713006046295,1.6659777635208428e-06,9.795282088553847e-06,1.869560754430566e-06
856,6.388891357955728e-06,3.1642328408576503e-06,0.00046886432525283794,0.008052728190562686,5.692597723538917e-06,2.3534707294103896e-08,1.2125500028492553e-06,1.1340945462734453e-06
859,6.373435344819711e-06,2.847585177434553e-06,4.417270145906649e-05,0.03522193696089726,0.02135811024405676,1.619503662286803e-06,8.090823027551153e-06,6.317208181672029e-06
862,6.403257524212336e-06,2.8623697176932694e-06,0.00048814866337298923,0.004677957255576626,0.0001517817448410952,1.6249205052609739e-06,3.706948485948658e-06,1.1805555124588807e-06
865,6.4331456668398346e-06,2.877156365599376e-06,0.0004974722536363885,0.0010546605432961709,0.02151890375848886,1.6598022924974032e-06,1.4425098882497878e-05,4.753167895277244e-06
868,6.478454349201357e-06,3.208595535042491e-06,0.00047045601743533894,0.007903717492259155,5.994201357162332e-06,9.291445390857689e-10,4.414722527990023e-06,1.3984800829813793e-05
871,6.462998654477303e-06,2.8919504273527963e-06,2.7733855719191958e-05,0.033161033831333064,0.021356130476827495,1.7414885287170279e-06,1.4288757316016643e-05,3.489218664665117e-06
874,6.492820842751712e-06,2.9067499025536847e-06,0.0004875275605682461,0.004781271534090692,0.00015018440461034288,1.6025266487140755e-06,3.2513356407193328e-06,8.397429605011553e-07
877,6.522708997813709e-06,2.921537586297873e-06,0.0004974728704096876,0.0009936201926745714,0.021521053607733265,1.7110184802326955e-06,1.0697664998282619e-05,2.5388923687863496e-06
880,6.568017286601169e-06,3.252967881950397e-06,0.0004719657885301487,0.007758137584920277,6.156089219611083e-06,3.5088889127621314e-08,2.7207807957729813e-06,6.9094274373071585e-06
883,6.552561942818613e-06,2.9363073250632254e-06,1.5197781174647318e-05,0.030363969533068413,0.02135397934486072,1.6172105674616688e-06,1.1867516794161759e-05,1.833626474656569e-06
886,6.582384145303877e-06,2.951092104241937e-06,0.00048687127585012036,0.0048862814557839584,0.00014858278145801762,1.6369527819914964e-06,5.028786230987237e-06,3.900663605449495e-07
889,6.612272312800371e-06,2.965872911264711e-06,0.0004974732893083811,0.0009326696850513461,0.02152329410052012,1.6532706501592997e-06,9.484331124909318e-06,3.3950964664075656e-06
892,6.657580184477041e-06,3.2973070844821706e-06,0.00047339785455591255,0.007615845945921684,6.3733319903835906e-06,6.390025575342406e-08,6.836044705860189e-07,1.6907136903832054e-06
895,6.642125217837247e-06,2.9806640733376355e-06,7.098514262615652e-06,0.026912646561083164,0.021351927583609154,1.69800183780211e-06,9.724166559976766e-06,3.6417060393922895e-06
898,6.67194743186883e-06,2.9954456839398347e-06,0.000486178011288807,0.0049930493900425255,0.0001469897403341136,1.6387636572190445e-06,5.161581713153396e-06,2.324959706090368e-06
901,6.701835613576179e-06,3.0102384152019823e-06,0.000497473558101369,0.000871797006093189,0.021525410502370335,1.6688860191571564e-06,1.538958640878718e-05,7.098815727690777e-06
904,6.747143030838565e-06,3.341675290702284e-06,0.0004747561917177734,0.0074767075161852325,6.616981545359835e-06,6.854113321352884e-08,3.043993906715059e-06,1.37612745416682e-05
907,6.731688475092312e-06,3.0250198661541106e-06,2.7270415464686337e-06,0.022933266679351583,0.021349830870567743,1.6762849899265575e-06,1.3301836368384556e-05,1.4169714162015623e-06
910,6.761510700670215e-06,3.039806563576164e-06,0.00048544587427112873,0.0051016404540762395,0.0001453581127028869,1.579341498914033e-06,2.4198459032120923e-06,2.974708777081503e-06
913,6.791398893923883e-06,3.054587282891319e-06,0.0004974737178882194,0.0008109902562425386,0.02152763524613821,1.723540826059633e-06,9.97976916927712e-06,3.6958281988130892e-06
916,6.836705824131428e-06,3.386028080143433e-06,0.0004760445522560275,0.007340594222610353,6.848586562857584e-06,5.1785481014476886e-08,5.879039210121562e-06,6.298862111453474e-06
919,6.821251709254739e-06,3.0693799730752147e-06,8.10447119303781e-07,0.018566735604764073,0.0213477717990207,1.6621075624723147e-06,1.125467572027361e-05,1.0870317104227922e-06
922,6.8510739463789605e-06,3.084183110457772e-06,0.00048467287160036676,0.005212122868218483,0.00014379684355603217,1.6768437500758182e-06,4.5233105687714215e-06,5.879671893804783e-07
925,6.8809621529553056e-06,3.098958394565088e-06,0.0004974738030778525,0.0007502375558359198,0.021529821065690236,1.609389053358612e-06,9.590329234754336e-06,3.736891591277214e-06
928,6.926268562912341e-06,3.430396577019934e-06,0.00047726647894918983,0.007207384530866445,7.0163691286984076e-06,2.2041212410783828e-08,2.556626698457798e-06,3.3750975823032547e-06
931,6.910814930982667e-06,3.1137416722781808e-06,1.653123793410316e-07,0.013942434121149816,0.021345638841379966,1.665687465735033e-06,1.1628375450989381e-05,3.8628252729822066e-07
934,6.9406371796532085e-06,3.12853057793383e-06,0.00048385690332608533,0.005324567938429947,0.00014215741129586235,1.589946070801318e-06,6.351929497050435e-06,5.167420412899304e-06
937,6.9705254031049435e-06,3.1433121625568106e-06,0.0004974738415377544,0.0006895271252576052,0.021531953096386225,1.7396551135195892e-06,1.572700094421009e-05,7.907634001824704e-06
940,7.015831252066285e-06,3.474740576825397e-06,0.00047842531874930927,0.007076962992718316,7.3769342863183596e-06,2.6577584577580637e-09,2.1556386129439886e-06,1.2003254687531495e-05
943,7.000378135835206e-06,3.158099021849381e-06,1.7530678686483725e-08,0.009163006682865404,0.021343628059949715,1.712088933736311e-06,1.1601818472151137e-05,1.4930762475273696e-06
946,7.030200398716602e-06,3.1728908229666786e-06,0.00048299575599575206,0.005439050449117744,0.00014056861517630637,1.6185270705904031e-06,1.762421579343254e-06,4.976200365103267e-06
949,7.060088634602835e-06,3.187676337335077e-06,0.0004974738545673318,0.0006288471874906776,0.0215342116026358,1.643088442637719e-06,9.416198685663346e-06,4.263337380461252e-06
952,7.105393881268185e-06,3.5191188538785667e-06,0.0004795242352280127,0.006949219896952963,7.4740319858657145e-06,2.159421086389557e-09,8.164508928487635e-06,6.388406340374075e-06
955,7.0899413220359975e-06,3.2024706182465223e-06,3.737419262961339e-10,0.004301084778111086,0.021341476774142443,1.608967708399689e-06,1.1370898786111638e-05,9.762044088645894e-07
958,7.11976359824007e-06,3.217258540244572e-06,0.00048208709549513173,0.005555648716015327,0.00013898154297820042,1.6652609406975216e-06,4.169398383879752e-06,8.360619199176966e-07
961,7.149651847448979e-06,3.2320362974846972e-06,0.0004974738569663018,0.0005681860392077187,0.021536323787330502,1.6802100195612013e-06,1.0292207019091393e-05,3.117822522602509e-06
964,7.194956446854306e-06,3.5634675825679807e-06,0.0004805662202604921,0.006824050933911696,7.83797557524224e-06,2.4510399265764704e-08,3.873416200561586e-06,5.582271890958168e-06
967,7.179504490473221e-06,3.2468178152722516e-06,3.8347103270552907e-13,0.0005952429638069745,0.02133943104604885,1.7374381477974765e-06,1.3069097093421078e-05,2.5779445378404375e-06
970,7.209326779999969e-06,3.261607731896987e-06,0.00048112845931580495,0.005674444918041921,0.00013734124155551086,1.5675083315791483e-06,7.107764211866652e-06,6.778150253961002e-06
973,7.239215042531555e-06,3.2763938881963384e-06,0.0004974738570169279,0.0005075319610789997,0.021538550568667603,1.6893704195553028e-06,1.5143897095448722e-05,6.951820969547384e-06
976,7.2845189513781605e-06,3.6078185250421058e-06,0.00048155410475025917,0.006701356785267398,8.036903338060064e-06,5.0541443030738264e-08,1.7080195175989132e-06,9.1226458178717e-06
979,7.269067642035054e-06,3.29116830899423e-06,5.845324224651449e-13,0.0054921056644130495,0.021337360112151593,1.6341727753221846e-06,9.992750195308986e-06,4.529589530788414e-06
982,7.298889943108122e-06,3.3059484059183575e-06,0.0004801172482382654,0.0057955252592103434,0.00013577953506782592,1.665805081429994e-06,1.431698217757571e-06,6.250069096713773e-06
985,7.328778222515098e-06,3.3207317082784016e-06,0.0004974738565488579,0.00044687329237547146,0.021540715365724772,1.6769762780644015e-06,9.316777019208189e-06,3.7279605500373236e-06
988,7.374081386513076e-06,3.6521659307897636e-06,0.00048249056869487106,0.006581042893607059,8.288832902159093e-06,6.665522578330751e-08,9.207061316462983e-06,7.284618492420236e-06
991,7.358630774945141e-06,3.335519930480757e-06,2.831622158971925e-09,0.010357526679695583,0.0213352255929804,1.6730567642397887e-06,1.1735105034382798e-05,1.5169299247830281e-06
994,7.38845309200542e-06,3.350314495387252e-06,0.0004790507174625702,0.005918980330925638,0.00013414908470910092,1.6123545816260076e-06,3.9750688030082415e-06,5.196743322333219e-07
997,7.418341386511429e-06,3.3651068995776967e-06,0.0004974738509195831,0.00038619833749642396,0.02154291256909957,1.647956039629861e-06,1.1443817605538698e-05,2.0882717848280663e-06
1000,7.4636437537023426e-06,3.6965456577942035e-06,0.00048337815043453247,0.00646301915217018,8.580974156235932e-06,5.6059806574637605e-08,4.24638779938924e-06,7.750207406065357e-06
